ID,lat,long
1,90,0
2,87.5,0
3,85,0
4,82.5,0
5,80,0
6,77.5,0
7,75,0
8,72.5,0
9,70,0
10,67.5,0
11,65,0
12,62.5,0
13,60,0
14,57.5,0
15,55,0
16,52.5,0
17,50,0
18,47.5,0
19,45,0
20,42.5,0
21,40,0
22,37.5,0
23,35,0
24,32.5,0
25,30,0
26,27.5,0
27,25,0
28,22.5,0
29,20,0
30,17.5,0
31,15,0
32,12.5,0
33,10,0
34,7.5,0
35,5,0
36,2.5,0
37,0,0
38,90,2.5
39,87.5,2.5
40,85,2.5
41,82.5,2.5
42,80,2.5
43,77.5,2.5
44,75,2.5
45,72.5,2.5
46,70,2.5
47,67.5,2.5
48,65,2.5
49,62.5,2.5
50,60,2.5
51,57.5,2.5
52,55,2.5
53,52.5,2.5
54,50,2.5
55,47.5,2.5
56,45,2.5
57,42.5,2.5
58,40,2.5
59,37.5,2.5
60,35,2.5
61,32.5,2.5
62,30,2.5
63,27.5,2.5
64,25,2.5
65,22.5,2.5
66,20,2.5
67,17.5,2.5
68,15,2.5
69,12.5,2.5
70,10,2.5
71,7.5,2.5
72,5,2.5
73,2.5,2.5
74,0,2.5
75,90,5
76,87.5,5
77,85,5
78,82.5,5
79,80,5
80,77.5,5
81,75,5
82,72.5,5
83,70,5
84,67.5,5
85,65,5
86,62.5,5
87,60,5
88,57.5,5
89,55,5
90,52.5,5
91,50,5
92,47.5,5
93,45,5
94,42.5,5
95,40,5
96,37.5,5
97,35,5
98,32.5,5
99,30,5
100,27.5,5
101,25,5
102,22.5,5
103,20,5
104,17.5,5
105,15,5
106,12.5,5
107,10,5
108,7.5,5
109,5,5
110,2.5,5
111,0,5
112,90,7.5
113,87.5,7.5
114,85,7.5
115,82.5,7.5
116,80,7.5
117,77.5,7.5
118,75,7.5
119,72.5,7.5
120,70,7.5
121,67.5,7.5
122,65,7.5
123,62.5,7.5
124,60,7.5
125,57.5,7.5
126,55,7.5
127,52.5,7.5
128,50,7.5
129,47.5,7.5
130,45,7.5
131,42.5,7.5
132,40,7.5
133,37.5,7.5
134,35,7.5
135,32.5,7.5
136,30,7.5
137,27.5,7.5
138,25,7.5
139,22.5,7.5
140,20,7.5
141,17.5,7.5
142,15,7.5
143,12.5,7.5
144,10,7.5
145,7.5,7.5
146,5,7.5
147,2.5,7.5
148,0,7.5
149,90,10
150,87.5,10
151,85,10
152,82.5,10
153,80,10
154,77.5,10
155,75,10
156,72.5,10
157,70,10
158,67.5,10
159,65,10
160,62.5,10
161,60,10
162,57.5,10
163,55,10
164,52.5,10
165,50,10
166,47.5,10
167,45,10
168,42.5,10
169,40,10
170,37.5,10
171,35,10
172,32.5,10
173,30,10
174,27.5,10
175,25,10
176,22.5,10
177,20,10
178,17.5,10
179,15,10
180,12.5,10
181,10,10
182,7.5,10
183,5,10
184,2.5,10
185,0,10
186,90,12.5
187,87.5,12.5
188,85,12.5
189,82.5,12.5
190,80,12.5
191,77.5,12.5
192,75,12.5
193,72.5,12.5
194,70,12.5
195,67.5,12.5
196,65,12.5
197,62.5,12.5
198,60,12.5
199,57.5,12.5
200,55,12.5
201,52.5,12.5
202,50,12.5
203,47.5,12.5
204,45,12.5
205,42.5,12.5
206,40,12.5
207,37.5,12.5
208,35,12.5
209,32.5,12.5
210,30,12.5
211,27.5,12.5
212,25,12.5
213,22.5,12.5
214,20,12.5
215,17.5,12.5
216,15,12.5
217,12.5,12.5
218,10,12.5
219,7.5,12.5
220,5,12.5
221,2.5,12.5
222,0,12.5
223,90,15
224,87.5,15
225,85,15
226,82.5,15
227,80,15
228,77.5,15
229,75,15
230,72.5,15
231,70,15
232,67.5,15
233,65,15
234,62.5,15
235,60,15
236,57.5,15
237,55,15
238,52.5,15
239,50,15
240,47.5,15
241,45,15
242,42.5,15
243,40,15
244,37.5,15
245,35,15
246,32.5,15
247,30,15
248,27.5,15
249,25,15
250,22.5,15
251,20,15
252,17.5,15
253,15,15
254,12.5,15
255,10,15
256,7.5,15
257,5,15
258,2.5,15
259,0,15
260,90,17.5
261,87.5,17.5
262,85,17.5
263,82.5,17.5
264,80,17.5
265,77.5,17.5
266,75,17.5
267,72.5,17.5
268,70,17.5
269,67.5,17.5
270,65,17.5
271,62.5,17.5
272,60,17.5
273,57.5,17.5
274,55,17.5
275,52.5,17.5
276,50,17.5
277,47.5,17.5
278,45,17.5
279,42.5,17.5
280,40,17.5
281,37.5,17.5
282,35,17.5
283,32.5,17.5
284,30,17.5
285,27.5,17.5
286,25,17.5
287,22.5,17.5
288,20,17.5
289,17.5,17.5
290,15,17.5
291,12.5,17.5
292,10,17.5
293,7.5,17.5
294,5,17.5
295,2.5,17.5
296,0,17.5
297,90,20
298,87.5,20
299,85,20
300,82.5,20
301,80,20
302,77.5,20
303,75,20
304,72.5,20
305,70,20
306,67.5,20
307,65,20
308,62.5,20
309,60,20
310,57.5,20
311,55,20
312,52.5,20
313,50,20
314,47.5,20
315,45,20
316,42.5,20
317,40,20
318,37.5,20
319,35,20
320,32.5,20
321,30,20
322,27.5,20
323,25,20
324,22.5,20
325,20,20
326,17.5,20
327,15,20
328,12.5,20
329,10,20
330,7.5,20
331,5,20
332,2.5,20
333,0,20
334,90,22.5
335,87.5,22.5
336,85,22.5
337,82.5,22.5
338,80,22.5
339,77.5,22.5
340,75,22.5
341,72.5,22.5
342,70,22.5
343,67.5,22.5
344,65,22.5
345,62.5,22.5
346,60,22.5
347,57.5,22.5
348,55,22.5
349,52.5,22.5
350,50,22.5
351,47.5,22.5
352,45,22.5
353,42.5,22.5
354,40,22.5
355,37.5,22.5
356,35,22.5
357,32.5,22.5
358,30,22.5
359,27.5,22.5
360,25,22.5
361,22.5,22.5
362,20,22.5
363,17.5,22.5
364,15,22.5
365,12.5,22.5
366,10,22.5
367,7.5,22.5
368,5,22.5
369,2.5,22.5
370,0,22.5
371,90,25
372,87.5,25
373,85,25
374,82.5,25
375,80,25
376,77.5,25
377,75,25
378,72.5,25
379,70,25
380,67.5,25
381,65,25
382,62.5,25
383,60,25
384,57.5,25
385,55,25
386,52.5,25
387,50,25
388,47.5,25
389,45,25
390,42.5,25
391,40,25
392,37.5,25
393,35,25
394,32.5,25
395,30,25
396,27.5,25
397,25,25
398,22.5,25
399,20,25
400,17.5,25
401,15,25
402,12.5,25
403,10,25
404,7.5,25
405,5,25
406,2.5,25
407,0,25
408,90,27.5
409,87.5,27.5
410,85,27.5
411,82.5,27.5
412,80,27.5
413,77.5,27.5
414,75,27.5
415,72.5,27.5
416,70,27.5
417,67.5,27.5
418,65,27.5
419,62.5,27.5
420,60,27.5
421,57.5,27.5
422,55,27.5
423,52.5,27.5
424,50,27.5
425,47.5,27.5
426,45,27.5
427,42.5,27.5
428,40,27.5
429,37.5,27.5
430,35,27.5
431,32.5,27.5
432,30,27.5
433,27.5,27.5
434,25,27.5
435,22.5,27.5
436,20,27.5
437,17.5,27.5
438,15,27.5
439,12.5,27.5
440,10,27.5
441,7.5,27.5
442,5,27.5
443,2.5,27.5
444,0,27.5
445,90,30
446,87.5,30
447,85,30
448,82.5,30
449,80,30
450,77.5,30
451,75,30
452,72.5,30
453,70,30
454,67.5,30
455,65,30
456,62.5,30
457,60,30
458,57.5,30
459,55,30
460,52.5,30
461,50,30
462,47.5,30
463,45,30
464,42.5,30
465,40,30
466,37.5,30
467,35,30
468,32.5,30
469,30,30
470,27.5,30
471,25,30
472,22.5,30
473,20,30
474,17.5,30
475,15,30
476,12.5,30
477,10,30
478,7.5,30
479,5,30
480,2.5,30
481,0,30
482,90,32.5
483,87.5,32.5
484,85,32.5
485,82.5,32.5
486,80,32.5
487,77.5,32.5
488,75,32.5
489,72.5,32.5
490,70,32.5
491,67.5,32.5
492,65,32.5
493,62.5,32.5
494,60,32.5
495,57.5,32.5
496,55,32.5
497,52.5,32.5
498,50,32.5
499,47.5,32.5
500,45,32.5
501,42.5,32.5
502,40,32.5
503,37.5,32.5
504,35,32.5
505,32.5,32.5
506,30,32.5
507,27.5,32.5
508,25,32.5
509,22.5,32.5
510,20,32.5
511,17.5,32.5
512,15,32.5
513,12.5,32.5
514,10,32.5
515,7.5,32.5
516,5,32.5
517,2.5,32.5
518,0,32.5
519,90,35
520,87.5,35
521,85,35
522,82.5,35
523,80,35
524,77.5,35
525,75,35
526,72.5,35
527,70,35
528,67.5,35
529,65,35
530,62.5,35
531,60,35
532,57.5,35
533,55,35
534,52.5,35
535,50,35
536,47.5,35
537,45,35
538,42.5,35
539,40,35
540,37.5,35
541,35,35
542,32.5,35
543,30,35
544,27.5,35
545,25,35
546,22.5,35
547,20,35
548,17.5,35
549,15,35
550,12.5,35
551,10,35
552,7.5,35
553,5,35
554,2.5,35
555,0,35
556,90,37.5
557,87.5,37.5
558,85,37.5
559,82.5,37.5
560,80,37.5
561,77.5,37.5
562,75,37.5
563,72.5,37.5
564,70,37.5
565,67.5,37.5
566,65,37.5
567,62.5,37.5
568,60,37.5
569,57.5,37.5
570,55,37.5
571,52.5,37.5
572,50,37.5
573,47.5,37.5
574,45,37.5
575,42.5,37.5
576,40,37.5
577,37.5,37.5
578,35,37.5
579,32.5,37.5
580,30,37.5
581,27.5,37.5
582,25,37.5
583,22.5,37.5
584,20,37.5
585,17.5,37.5
586,15,37.5
587,12.5,37.5
588,10,37.5
589,7.5,37.5
590,5,37.5
591,2.5,37.5
592,0,37.5
593,90,40
594,87.5,40
595,85,40
596,82.5,40
597,80,40
598,77.5,40
599,75,40
600,72.5,40
601,70,40
602,67.5,40
603,65,40
604,62.5,40
605,60,40
606,57.5,40
607,55,40
608,52.5,40
609,50,40
610,47.5,40
611,45,40
612,42.5,40
613,40,40
614,37.5,40
615,35,40
616,32.5,40
617,30,40
618,27.5,40
619,25,40
620,22.5,40
621,20,40
622,17.5,40
623,15,40
624,12.5,40
625,10,40
626,7.5,40
627,5,40
628,2.5,40
629,0,40
630,90,42.5
631,87.5,42.5
632,85,42.5
633,82.5,42.5
634,80,42.5
635,77.5,42.5
636,75,42.5
637,72.5,42.5
638,70,42.5
639,67.5,42.5
640,65,42.5
641,62.5,42.5
642,60,42.5
643,57.5,42.5
644,55,42.5
645,52.5,42.5
646,50,42.5
647,47.5,42.5
648,45,42.5
649,42.5,42.5
650,40,42.5
651,37.5,42.5
652,35,42.5
653,32.5,42.5
654,30,42.5
655,27.5,42.5
656,25,42.5
657,22.5,42.5
658,20,42.5
659,17.5,42.5
660,15,42.5
661,12.5,42.5
662,10,42.5
663,7.5,42.5
664,5,42.5
665,2.5,42.5
666,0,42.5
667,90,45
668,87.5,45
669,85,45
670,82.5,45
671,80,45
672,77.5,45
673,75,45
674,72.5,45
675,70,45
676,67.5,45
677,65,45
678,62.5,45
679,60,45
680,57.5,45
681,55,45
682,52.5,45
683,50,45
684,47.5,45
685,45,45
686,42.5,45
687,40,45
688,37.5,45
689,35,45
690,32.5,45
691,30,45
692,27.5,45
693,25,45
694,22.5,45
695,20,45
696,17.5,45
697,15,45
698,12.5,45
699,10,45
700,7.5,45
701,5,45
702,2.5,45
703,0,45
704,90,47.5
705,87.5,47.5
706,85,47.5
707,82.5,47.5
708,80,47.5
709,77.5,47.5
710,75,47.5
711,72.5,47.5
712,70,47.5
713,67.5,47.5
714,65,47.5
715,62.5,47.5
716,60,47.5
717,57.5,47.5
718,55,47.5
719,52.5,47.5
720,50,47.5
721,47.5,47.5
722,45,47.5
723,42.5,47.5
724,40,47.5
725,37.5,47.5
726,35,47.5
727,32.5,47.5
728,30,47.5
729,27.5,47.5
730,25,47.5
731,22.5,47.5
732,20,47.5
733,17.5,47.5
734,15,47.5
735,12.5,47.5
736,10,47.5
737,7.5,47.5
738,5,47.5
739,2.5,47.5
740,0,47.5
741,90,50
742,87.5,50
743,85,50
744,82.5,50
745,80,50
746,77.5,50
747,75,50
748,72.5,50
749,70,50
750,67.5,50
751,65,50
752,62.5,50
753,60,50
754,57.5,50
755,55,50
756,52.5,50
757,50,50
758,47.5,50
759,45,50
760,42.5,50
761,40,50
762,37.5,50
763,35,50
764,32.5,50
765,30,50
766,27.5,50
767,25,50
768,22.5,50
769,20,50
770,17.5,50
771,15,50
772,12.5,50
773,10,50
774,7.5,50
775,5,50
776,2.5,50
777,0,50
778,90,52.5
779,87.5,52.5
780,85,52.5
781,82.5,52.5
782,80,52.5
783,77.5,52.5
784,75,52.5
785,72.5,52.5
786,70,52.5
787,67.5,52.5
788,65,52.5
789,62.5,52.5
790,60,52.5
791,57.5,52.5
792,55,52.5
793,52.5,52.5
794,50,52.5
795,47.5,52.5
796,45,52.5
797,42.5,52.5
798,40,52.5
799,37.5,52.5
800,35,52.5
801,32.5,52.5
802,30,52.5
803,27.5,52.5
804,25,52.5
805,22.5,52.5
806,20,52.5
807,17.5,52.5
808,15,52.5
809,12.5,52.5
810,10,52.5
811,7.5,52.5
812,5,52.5
813,2.5,52.5
814,0,52.5
815,90,55
816,87.5,55
817,85,55
818,82.5,55
819,80,55
820,77.5,55
821,75,55
822,72.5,55
823,70,55
824,67.5,55
825,65,55
826,62.5,55
827,60,55
828,57.5,55
829,55,55
830,52.5,55
831,50,55
832,47.5,55
833,45,55
834,42.5,55
835,40,55
836,37.5,55
837,35,55
838,32.5,55
839,30,55
840,27.5,55
841,25,55
842,22.5,55
843,20,55
844,17.5,55
845,15,55
846,12.5,55
847,10,55
848,7.5,55
849,5,55
850,2.5,55
851,0,55
852,90,57.5
853,87.5,57.5
854,85,57.5
855,82.5,57.5
856,80,57.5
857,77.5,57.5
858,75,57.5
859,72.5,57.5
860,70,57.5
861,67.5,57.5
862,65,57.5
863,62.5,57.5
864,60,57.5
865,57.5,57.5
866,55,57.5
867,52.5,57.5
868,50,57.5
869,47.5,57.5
870,45,57.5
871,42.5,57.5
872,40,57.5
873,37.5,57.5
874,35,57.5
875,32.5,57.5
876,30,57.5
877,27.5,57.5
878,25,57.5
879,22.5,57.5
880,20,57.5
881,17.5,57.5
882,15,57.5
883,12.5,57.5
884,10,57.5
885,7.5,57.5
886,5,57.5
887,2.5,57.5
888,0,57.5
889,90,60
890,87.5,60
891,85,60
892,82.5,60
893,80,60
894,77.5,60
895,75,60
896,72.5,60
897,70,60
898,67.5,60
899,65,60
900,62.5,60
901,60,60
902,57.5,60
903,55,60
904,52.5,60
905,50,60
906,47.5,60
907,45,60
908,42.5,60
909,40,60
910,37.5,60
911,35,60
912,32.5,60
913,30,60
914,27.5,60
915,25,60
916,22.5,60
917,20,60
918,17.5,60
919,15,60
920,12.5,60
921,10,60
922,7.5,60
923,5,60
924,2.5,60
925,0,60
926,90,62.5
927,87.5,62.5
928,85,62.5
929,82.5,62.5
930,80,62.5
931,77.5,62.5
932,75,62.5
933,72.5,62.5
934,70,62.5
935,67.5,62.5
936,65,62.5
937,62.5,62.5
938,60,62.5
939,57.5,62.5
940,55,62.5
941,52.5,62.5
942,50,62.5
943,47.5,62.5
944,45,62.5
945,42.5,62.5
946,40,62.5
947,37.5,62.5
948,35,62.5
949,32.5,62.5
950,30,62.5
951,27.5,62.5
952,25,62.5
953,22.5,62.5
954,20,62.5
955,17.5,62.5
956,15,62.5
957,12.5,62.5
958,10,62.5
959,7.5,62.5
960,5,62.5
961,2.5,62.5
962,0,62.5
963,90,65
964,87.5,65
965,85,65
966,82.5,65
967,80,65
968,77.5,65
969,75,65
970,72.5,65
971,70,65
972,67.5,65
973,65,65
974,62.5,65
975,60,65
976,57.5,65
977,55,65
978,52.5,65
979,50,65
980,47.5,65
981,45,65
982,42.5,65
983,40,65
984,37.5,65
985,35,65
986,32.5,65
987,30,65
988,27.5,65
989,25,65
990,22.5,65
991,20,65
992,17.5,65
993,15,65
994,12.5,65
995,10,65
996,7.5,65
997,5,65
998,2.5,65
999,0,65
1000,90,67.5
1001,87.5,67.5
1002,85,67.5
1003,82.5,67.5
1004,80,67.5
1005,77.5,67.5
1006,75,67.5
1007,72.5,67.5
1008,70,67.5
1009,67.5,67.5
1010,65,67.5
1011,62.5,67.5
1012,60,67.5
1013,57.5,67.5
1014,55,67.5
1015,52.5,67.5
1016,50,67.5
1017,47.5,67.5
1018,45,67.5
1019,42.5,67.5
1020,40,67.5
1021,37.5,67.5
1022,35,67.5
1023,32.5,67.5
1024,30,67.5
1025,27.5,67.5
1026,25,67.5
1027,22.5,67.5
1028,20,67.5
1029,17.5,67.5
1030,15,67.5
1031,12.5,67.5
1032,10,67.5
1033,7.5,67.5
1034,5,67.5
1035,2.5,67.5
1036,0,67.5
1037,90,70
1038,87.5,70
1039,85,70
1040,82.5,70
1041,80,70
1042,77.5,70
1043,75,70
1044,72.5,70
1045,70,70
1046,67.5,70
1047,65,70
1048,62.5,70
1049,60,70
1050,57.5,70
1051,55,70
1052,52.5,70
1053,50,70
1054,47.5,70
1055,45,70
1056,42.5,70
1057,40,70
1058,37.5,70
1059,35,70
1060,32.5,70
1061,30,70
1062,27.5,70
1063,25,70
1064,22.5,70
1065,20,70
1066,17.5,70
1067,15,70
1068,12.5,70
1069,10,70
1070,7.5,70
1071,5,70
1072,2.5,70
1073,0,70
1074,90,72.5
1075,87.5,72.5
1076,85,72.5
1077,82.5,72.5
1078,80,72.5
1079,77.5,72.5
1080,75,72.5
1081,72.5,72.5
1082,70,72.5
1083,67.5,72.5
1084,65,72.5
1085,62.5,72.5
1086,60,72.5
1087,57.5,72.5
1088,55,72.5
1089,52.5,72.5
1090,50,72.5
1091,47.5,72.5
1092,45,72.5
1093,42.5,72.5
1094,40,72.5
1095,37.5,72.5
1096,35,72.5
1097,32.5,72.5
1098,30,72.5
1099,27.5,72.5
1100,25,72.5
1101,22.5,72.5
1102,20,72.5
1103,17.5,72.5
1104,15,72.5
1105,12.5,72.5
1106,10,72.5
1107,7.5,72.5
1108,5,72.5
1109,2.5,72.5
1110,0,72.5
1111,90,75
1112,87.5,75
1113,85,75
1114,82.5,75
1115,80,75
1116,77.5,75
1117,75,75
1118,72.5,75
1119,70,75
1120,67.5,75
1121,65,75
1122,62.5,75
1123,60,75
1124,57.5,75
1125,55,75
1126,52.5,75
1127,50,75
1128,47.5,75
1129,45,75
1130,42.5,75
1131,40,75
1132,37.5,75
1133,35,75
1134,32.5,75
1135,30,75
1136,27.5,75
1137,25,75
1138,22.5,75
1139,20,75
1140,17.5,75
1141,15,75
1142,12.5,75
1143,10,75
1144,7.5,75
1145,5,75
1146,2.5,75
1147,0,75
1148,90,77.5
1149,87.5,77.5
1150,85,77.5
1151,82.5,77.5
1152,80,77.5
1153,77.5,77.5
1154,75,77.5
1155,72.5,77.5
1156,70,77.5
1157,67.5,77.5
1158,65,77.5
1159,62.5,77.5
1160,60,77.5
1161,57.5,77.5
1162,55,77.5
1163,52.5,77.5
1164,50,77.5
1165,47.5,77.5
1166,45,77.5
1167,42.5,77.5
1168,40,77.5
1169,37.5,77.5
1170,35,77.5
1171,32.5,77.5
1172,30,77.5
1173,27.5,77.5
1174,25,77.5
1175,22.5,77.5
1176,20,77.5
1177,17.5,77.5
1178,15,77.5
1179,12.5,77.5
1180,10,77.5
1181,7.5,77.5
1182,5,77.5
1183,2.5,77.5
1184,0,77.5
1185,90,80
1186,87.5,80
1187,85,80
1188,82.5,80
1189,80,80
1190,77.5,80
1191,75,80
1192,72.5,80
1193,70,80
1194,67.5,80
1195,65,80
1196,62.5,80
1197,60,80
1198,57.5,80
1199,55,80
1200,52.5,80
1201,50,80
1202,47.5,80
1203,45,80
1204,42.5,80
1205,40,80
1206,37.5,80
1207,35,80
1208,32.5,80
1209,30,80
1210,27.5,80
1211,25,80
1212,22.5,80
1213,20,80
1214,17.5,80
1215,15,80
1216,12.5,80
1217,10,80
1218,7.5,80
1219,5,80
1220,2.5,80
1221,0,80
1222,90,82.5
1223,87.5,82.5
1224,85,82.5
1225,82.5,82.5
1226,80,82.5
1227,77.5,82.5
1228,75,82.5
1229,72.5,82.5
1230,70,82.5
1231,67.5,82.5
1232,65,82.5
1233,62.5,82.5
1234,60,82.5
1235,57.5,82.5
1236,55,82.5
1237,52.5,82.5
1238,50,82.5
1239,47.5,82.5
1240,45,82.5
1241,42.5,82.5
1242,40,82.5
1243,37.5,82.5
1244,35,82.5
1245,32.5,82.5
1246,30,82.5
1247,27.5,82.5
1248,25,82.5
1249,22.5,82.5
1250,20,82.5
1251,17.5,82.5
1252,15,82.5
1253,12.5,82.5
1254,10,82.5
1255,7.5,82.5
1256,5,82.5
1257,2.5,82.5
1258,0,82.5
1259,90,85
1260,87.5,85
1261,85,85
1262,82.5,85
1263,80,85
1264,77.5,85
1265,75,85
1266,72.5,85
1267,70,85
1268,67.5,85
1269,65,85
1270,62.5,85
1271,60,85
1272,57.5,85
1273,55,85
1274,52.5,85
1275,50,85
1276,47.5,85
1277,45,85
1278,42.5,85
1279,40,85
1280,37.5,85
1281,35,85
1282,32.5,85
1283,30,85
1284,27.5,85
1285,25,85
1286,22.5,85
1287,20,85
1288,17.5,85
1289,15,85
1290,12.5,85
1291,10,85
1292,7.5,85
1293,5,85
1294,2.5,85
1295,0,85
1296,90,87.5
1297,87.5,87.5
1298,85,87.5
1299,82.5,87.5
1300,80,87.5
1301,77.5,87.5
1302,75,87.5
1303,72.5,87.5
1304,70,87.5
1305,67.5,87.5
1306,65,87.5
1307,62.5,87.5
1308,60,87.5
1309,57.5,87.5
1310,55,87.5
1311,52.5,87.5
1312,50,87.5
1313,47.5,87.5
1314,45,87.5
1315,42.5,87.5
1316,40,87.5
1317,37.5,87.5
1318,35,87.5
1319,32.5,87.5
1320,30,87.5
1321,27.5,87.5
1322,25,87.5
1323,22.5,87.5
1324,20,87.5
1325,17.5,87.5
1326,15,87.5
1327,12.5,87.5
1328,10,87.5
1329,7.5,87.5
1330,5,87.5
1331,2.5,87.5
1332,0,87.5
1333,90,90
1334,87.5,90
1335,85,90
1336,82.5,90
1337,80,90
1338,77.5,90
1339,75,90
1340,72.5,90
1341,70,90
1342,67.5,90
1343,65,90
1344,62.5,90
1345,60,90
1346,57.5,90
1347,55,90
1348,52.5,90
1349,50,90
1350,47.5,90
1351,45,90
1352,42.5,90
1353,40,90
1354,37.5,90
1355,35,90
1356,32.5,90
1357,30,90
1358,27.5,90
1359,25,90
1360,22.5,90
1361,20,90
1362,17.5,90
1363,15,90
1364,12.5,90
1365,10,90
1366,7.5,90
1367,5,90
1368,2.5,90
1369,0,90
1370,90,92.5
1371,87.5,92.5
1372,85,92.5
1373,82.5,92.5
1374,80,92.5
1375,77.5,92.5
1376,75,92.5
1377,72.5,92.5
1378,70,92.5
1379,67.5,92.5
1380,65,92.5
1381,62.5,92.5
1382,60,92.5
1383,57.5,92.5
1384,55,92.5
1385,52.5,92.5
1386,50,92.5
1387,47.5,92.5
1388,45,92.5
1389,42.5,92.5
1390,40,92.5
1391,37.5,92.5
1392,35,92.5
1393,32.5,92.5
1394,30,92.5
1395,27.5,92.5
1396,25,92.5
1397,22.5,92.5
1398,20,92.5
1399,17.5,92.5
1400,15,92.5
1401,12.5,92.5
1402,10,92.5
1403,7.5,92.5
1404,5,92.5
1405,2.5,92.5
1406,0,92.5
1407,90,95
1408,87.5,95
1409,85,95
1410,82.5,95
1411,80,95
1412,77.5,95
1413,75,95
1414,72.5,95
1415,70,95
1416,67.5,95
1417,65,95
1418,62.5,95
1419,60,95
1420,57.5,95
1421,55,95
1422,52.5,95
1423,50,95
1424,47.5,95
1425,45,95
1426,42.5,95
1427,40,95
1428,37.5,95
1429,35,95
1430,32.5,95
1431,30,95
1432,27.5,95
1433,25,95
1434,22.5,95
1435,20,95
1436,17.5,95
1437,15,95
1438,12.5,95
1439,10,95
1440,7.5,95
1441,5,95
1442,2.5,95
1443,0,95
1444,90,97.5
1445,87.5,97.5
1446,85,97.5
1447,82.5,97.5
1448,80,97.5
1449,77.5,97.5
1450,75,97.5
1451,72.5,97.5
1452,70,97.5
1453,67.5,97.5
1454,65,97.5
1455,62.5,97.5
1456,60,97.5
1457,57.5,97.5
1458,55,97.5
1459,52.5,97.5
1460,50,97.5
1461,47.5,97.5
1462,45,97.5
1463,42.5,97.5
1464,40,97.5
1465,37.5,97.5
1466,35,97.5
1467,32.5,97.5
1468,30,97.5
1469,27.5,97.5
1470,25,97.5
1471,22.5,97.5
1472,20,97.5
1473,17.5,97.5
1474,15,97.5
1475,12.5,97.5
1476,10,97.5
1477,7.5,97.5
1478,5,97.5
1479,2.5,97.5
1480,0,97.5
1481,90,100
1482,87.5,100
1483,85,100
1484,82.5,100
1485,80,100
1486,77.5,100
1487,75,100
1488,72.5,100
1489,70,100
1490,67.5,100
1491,65,100
1492,62.5,100
1493,60,100
1494,57.5,100
1495,55,100
1496,52.5,100
1497,50,100
1498,47.5,100
1499,45,100
1500,42.5,100
1501,40,100
1502,37.5,100
1503,35,100
1504,32.5,100
1505,30,100
1506,27.5,100
1507,25,100
1508,22.5,100
1509,20,100
1510,17.5,100
1511,15,100
1512,12.5,100
1513,10,100
1514,7.5,100
1515,5,100
1516,2.5,100
1517,0,100
1518,90,102.5
1519,87.5,102.5
1520,85,102.5
1521,82.5,102.5
1522,80,102.5
1523,77.5,102.5
1524,75,102.5
1525,72.5,102.5
1526,70,102.5
1527,67.5,102.5
1528,65,102.5
1529,62.5,102.5
1530,60,102.5
1531,57.5,102.5
1532,55,102.5
1533,52.5,102.5
1534,50,102.5
1535,47.5,102.5
1536,45,102.5
1537,42.5,102.5
1538,40,102.5
1539,37.5,102.5
1540,35,102.5
1541,32.5,102.5
1542,30,102.5
1543,27.5,102.5
1544,25,102.5
1545,22.5,102.5
1546,20,102.5
1547,17.5,102.5
1548,15,102.5
1549,12.5,102.5
1550,10,102.5
1551,7.5,102.5
1552,5,102.5
1553,2.5,102.5
1554,0,102.5
1555,90,105
1556,87.5,105
1557,85,105
1558,82.5,105
1559,80,105
1560,77.5,105
1561,75,105
1562,72.5,105
1563,70,105
1564,67.5,105
1565,65,105
1566,62.5,105
1567,60,105
1568,57.5,105
1569,55,105
1570,52.5,105
1571,50,105
1572,47.5,105
1573,45,105
1574,42.5,105
1575,40,105
1576,37.5,105
1577,35,105
1578,32.5,105
1579,30,105
1580,27.5,105
1581,25,105
1582,22.5,105
1583,20,105
1584,17.5,105
1585,15,105
1586,12.5,105
1587,10,105
1588,7.5,105
1589,5,105
1590,2.5,105
1591,0,105
1592,90,107.5
1593,87.5,107.5
1594,85,107.5
1595,82.5,107.5
1596,80,107.5
1597,77.5,107.5
1598,75,107.5
1599,72.5,107.5
1600,70,107.5
1601,67.5,107.5
1602,65,107.5
1603,62.5,107.5
1604,60,107.5
1605,57.5,107.5
1606,55,107.5
1607,52.5,107.5
1608,50,107.5
1609,47.5,107.5
1610,45,107.5
1611,42.5,107.5
1612,40,107.5
1613,37.5,107.5
1614,35,107.5
1615,32.5,107.5
1616,30,107.5
1617,27.5,107.5
1618,25,107.5
1619,22.5,107.5
1620,20,107.5
1621,17.5,107.5
1622,15,107.5
1623,12.5,107.5
1624,10,107.5
1625,7.5,107.5
1626,5,107.5
1627,2.5,107.5
1628,0,107.5
1629,90,110
1630,87.5,110
1631,85,110
1632,82.5,110
1633,80,110
1634,77.5,110
1635,75,110
1636,72.5,110
1637,70,110
1638,67.5,110
1639,65,110
1640,62.5,110
1641,60,110
1642,57.5,110
1643,55,110
1644,52.5,110
1645,50,110
1646,47.5,110
1647,45,110
1648,42.5,110
1649,40,110
1650,37.5,110
1651,35,110
1652,32.5,110
1653,30,110
1654,27.5,110
1655,25,110
1656,22.5,110
1657,20,110
1658,17.5,110
1659,15,110
1660,12.5,110
1661,10,110
1662,7.5,110
1663,5,110
1664,2.5,110
1665,0,110
1666,90,112.5
1667,87.5,112.5
1668,85,112.5
1669,82.5,112.5
1670,80,112.5
1671,77.5,112.5
1672,75,112.5
1673,72.5,112.5
1674,70,112.5
1675,67.5,112.5
1676,65,112.5
1677,62.5,112.5
1678,60,112.5
1679,57.5,112.5
1680,55,112.5
1681,52.5,112.5
1682,50,112.5
1683,47.5,112.5
1684,45,112.5
1685,42.5,112.5
1686,40,112.5
1687,37.5,112.5
1688,35,112.5
1689,32.5,112.5
1690,30,112.5
1691,27.5,112.5
1692,25,112.5
1693,22.5,112.5
1694,20,112.5
1695,17.5,112.5
1696,15,112.5
1697,12.5,112.5
1698,10,112.5
1699,7.5,112.5
1700,5,112.5
1701,2.5,112.5
1702,0,112.5
1703,90,115
1704,87.5,115
1705,85,115
1706,82.5,115
1707,80,115
1708,77.5,115
1709,75,115
1710,72.5,115
1711,70,115
1712,67.5,115
1713,65,115
1714,62.5,115
1715,60,115
1716,57.5,115
1717,55,115
1718,52.5,115
1719,50,115
1720,47.5,115
1721,45,115
1722,42.5,115
1723,40,115
1724,37.5,115
1725,35,115
1726,32.5,115
1727,30,115
1728,27.5,115
1729,25,115
1730,22.5,115
1731,20,115
1732,17.5,115
1733,15,115
1734,12.5,115
1735,10,115
1736,7.5,115
1737,5,115
1738,2.5,115
1739,0,115
1740,90,117.5
1741,87.5,117.5
1742,85,117.5
1743,82.5,117.5
1744,80,117.5
1745,77.5,117.5
1746,75,117.5
1747,72.5,117.5
1748,70,117.5
1749,67.5,117.5
1750,65,117.5
1751,62.5,117.5
1752,60,117.5
1753,57.5,117.5
1754,55,117.5
1755,52.5,117.5
1756,50,117.5
1757,47.5,117.5
1758,45,117.5
1759,42.5,117.5
1760,40,117.5
1761,37.5,117.5
1762,35,117.5
1763,32.5,117.5
1764,30,117.5
1765,27.5,117.5
1766,25,117.5
1767,22.5,117.5
1768,20,117.5
1769,17.5,117.5
1770,15,117.5
1771,12.5,117.5
1772,10,117.5
1773,7.5,117.5
1774,5,117.5
1775,2.5,117.5
1776,0,117.5
1777,90,120
1778,87.5,120
1779,85,120
1780,82.5,120
1781,80,120
1782,77.5,120
1783,75,120
1784,72.5,120
1785,70,120
1786,67.5,120
1787,65,120
1788,62.5,120
1789,60,120
1790,57.5,120
1791,55,120
1792,52.5,120
1793,50,120
1794,47.5,120
1795,45,120
1796,42.5,120
1797,40,120
1798,37.5,120
1799,35,120
1800,32.5,120
1801,30,120
1802,27.5,120
1803,25,120
1804,22.5,120
1805,20,120
1806,17.5,120
1807,15,120
1808,12.5,120
1809,10,120
1810,7.5,120
1811,5,120
1812,2.5,120
1813,0,120
1814,90,122.5
1815,87.5,122.5
1816,85,122.5
1817,82.5,122.5
1818,80,122.5
1819,77.5,122.5
1820,75,122.5
1821,72.5,122.5
1822,70,122.5
1823,67.5,122.5
1824,65,122.5
1825,62.5,122.5
1826,60,122.5
1827,57.5,122.5
1828,55,122.5
1829,52.5,122.5
1830,50,122.5
1831,47.5,122.5
1832,45,122.5
1833,42.5,122.5
1834,40,122.5
1835,37.5,122.5
1836,35,122.5
1837,32.5,122.5
1838,30,122.5
1839,27.5,122.5
1840,25,122.5
1841,22.5,122.5
1842,20,122.5
1843,17.5,122.5
1844,15,122.5
1845,12.5,122.5
1846,10,122.5
1847,7.5,122.5
1848,5,122.5
1849,2.5,122.5
1850,0,122.5
1851,90,125
1852,87.5,125
1853,85,125
1854,82.5,125
1855,80,125
1856,77.5,125
1857,75,125
1858,72.5,125
1859,70,125
1860,67.5,125
1861,65,125
1862,62.5,125
1863,60,125
1864,57.5,125
1865,55,125
1866,52.5,125
1867,50,125
1868,47.5,125
1869,45,125
1870,42.5,125
1871,40,125
1872,37.5,125
1873,35,125
1874,32.5,125
1875,30,125
1876,27.5,125
1877,25,125
1878,22.5,125
1879,20,125
1880,17.5,125
1881,15,125
1882,12.5,125
1883,10,125
1884,7.5,125
1885,5,125
1886,2.5,125
1887,0,125
1888,90,127.5
1889,87.5,127.5
1890,85,127.5
1891,82.5,127.5
1892,80,127.5
1893,77.5,127.5
1894,75,127.5
1895,72.5,127.5
1896,70,127.5
1897,67.5,127.5
1898,65,127.5
1899,62.5,127.5
1900,60,127.5
1901,57.5,127.5
1902,55,127.5
1903,52.5,127.5
1904,50,127.5
1905,47.5,127.5
1906,45,127.5
1907,42.5,127.5
1908,40,127.5
1909,37.5,127.5
1910,35,127.5
1911,32.5,127.5
1912,30,127.5
1913,27.5,127.5
1914,25,127.5
1915,22.5,127.5
1916,20,127.5
1917,17.5,127.5
1918,15,127.5
1919,12.5,127.5
1920,10,127.5
1921,7.5,127.5
1922,5,127.5
1923,2.5,127.5
1924,0,127.5
1925,90,130
1926,87.5,130
1927,85,130
1928,82.5,130
1929,80,130
1930,77.5,130
1931,75,130
1932,72.5,130
1933,70,130
1934,67.5,130
1935,65,130
1936,62.5,130
1937,60,130
1938,57.5,130
1939,55,130
1940,52.5,130
1941,50,130
1942,47.5,130
1943,45,130
1944,42.5,130
1945,40,130
1946,37.5,130
1947,35,130
1948,32.5,130
1949,30,130
1950,27.5,130
1951,25,130
1952,22.5,130
1953,20,130
1954,17.5,130
1955,15,130
1956,12.5,130
1957,10,130
1958,7.5,130
1959,5,130
1960,2.5,130
1961,0,130
1962,90,132.5
1963,87.5,132.5
1964,85,132.5
1965,82.5,132.5
1966,80,132.5
1967,77.5,132.5
1968,75,132.5
1969,72.5,132.5
1970,70,132.5
1971,67.5,132.5
1972,65,132.5
1973,62.5,132.5
1974,60,132.5
1975,57.5,132.5
1976,55,132.5
1977,52.5,132.5
1978,50,132.5
1979,47.5,132.5
1980,45,132.5
1981,42.5,132.5
1982,40,132.5
1983,37.5,132.5
1984,35,132.5
1985,32.5,132.5
1986,30,132.5
1987,27.5,132.5
1988,25,132.5
1989,22.5,132.5
1990,20,132.5
1991,17.5,132.5
1992,15,132.5
1993,12.5,132.5
1994,10,132.5
1995,7.5,132.5
1996,5,132.5
1997,2.5,132.5
1998,0,132.5
1999,90,135
2000,87.5,135
2001,85,135
2002,82.5,135
2003,80,135
2004,77.5,135
2005,75,135
2006,72.5,135
2007,70,135
2008,67.5,135
2009,65,135
2010,62.5,135
2011,60,135
2012,57.5,135
2013,55,135
2014,52.5,135
2015,50,135
2016,47.5,135
2017,45,135
2018,42.5,135
2019,40,135
2020,37.5,135
2021,35,135
2022,32.5,135
2023,30,135
2024,27.5,135
2025,25,135
2026,22.5,135
2027,20,135
2028,17.5,135
2029,15,135
2030,12.5,135
2031,10,135
2032,7.5,135
2033,5,135
2034,2.5,135
2035,0,135
2036,90,137.5
2037,87.5,137.5
2038,85,137.5
2039,82.5,137.5
2040,80,137.5
2041,77.5,137.5
2042,75,137.5
2043,72.5,137.5
2044,70,137.5
2045,67.5,137.5
2046,65,137.5
2047,62.5,137.5
2048,60,137.5
2049,57.5,137.5
2050,55,137.5
2051,52.5,137.5
2052,50,137.5
2053,47.5,137.5
2054,45,137.5
2055,42.5,137.5
2056,40,137.5
2057,37.5,137.5
2058,35,137.5
2059,32.5,137.5
2060,30,137.5
2061,27.5,137.5
2062,25,137.5
2063,22.5,137.5
2064,20,137.5
2065,17.5,137.5
2066,15,137.5
2067,12.5,137.5
2068,10,137.5
2069,7.5,137.5
2070,5,137.5
2071,2.5,137.5
2072,0,137.5
2073,90,140
2074,87.5,140
2075,85,140
2076,82.5,140
2077,80,140
2078,77.5,140
2079,75,140
2080,72.5,140
2081,70,140
2082,67.5,140
2083,65,140
2084,62.5,140
2085,60,140
2086,57.5,140
2087,55,140
2088,52.5,140
2089,50,140
2090,47.5,140
2091,45,140
2092,42.5,140
2093,40,140
2094,37.5,140
2095,35,140
2096,32.5,140
2097,30,140
2098,27.5,140
2099,25,140
2100,22.5,140
2101,20,140
2102,17.5,140
2103,15,140
2104,12.5,140
2105,10,140
2106,7.5,140
2107,5,140
2108,2.5,140
2109,0,140
2110,90,142.5
2111,87.5,142.5
2112,85,142.5
2113,82.5,142.5
2114,80,142.5
2115,77.5,142.5
2116,75,142.5
2117,72.5,142.5
2118,70,142.5
2119,67.5,142.5
2120,65,142.5
2121,62.5,142.5
2122,60,142.5
2123,57.5,142.5
2124,55,142.5
2125,52.5,142.5
2126,50,142.5
2127,47.5,142.5
2128,45,142.5
2129,42.5,142.5
2130,40,142.5
2131,37.5,142.5
2132,35,142.5
2133,32.5,142.5
2134,30,142.5
2135,27.5,142.5
2136,25,142.5
2137,22.5,142.5
2138,20,142.5
2139,17.5,142.5
2140,15,142.5
2141,12.5,142.5
2142,10,142.5
2143,7.5,142.5
2144,5,142.5
2145,2.5,142.5
2146,0,142.5
2147,90,145
2148,87.5,145
2149,85,145
2150,82.5,145
2151,80,145
2152,77.5,145
2153,75,145
2154,72.5,145
2155,70,145
2156,67.5,145
2157,65,145
2158,62.5,145
2159,60,145
2160,57.5,145
2161,55,145
2162,52.5,145
2163,50,145
2164,47.5,145
2165,45,145
2166,42.5,145
2167,40,145
2168,37.5,145
2169,35,145
2170,32.5,145
2171,30,145
2172,27.5,145
2173,25,145
2174,22.5,145
2175,20,145
2176,17.5,145
2177,15,145
2178,12.5,145
2179,10,145
2180,7.5,145
2181,5,145
2182,2.5,145
2183,0,145
2184,90,147.5
2185,87.5,147.5
2186,85,147.5
2187,82.5,147.5
2188,80,147.5
2189,77.5,147.5
2190,75,147.5
2191,72.5,147.5
2192,70,147.5
2193,67.5,147.5
2194,65,147.5
2195,62.5,147.5
2196,60,147.5
2197,57.5,147.5
2198,55,147.5
2199,52.5,147.5
2200,50,147.5
2201,47.5,147.5
2202,45,147.5
2203,42.5,147.5
2204,40,147.5
2205,37.5,147.5
2206,35,147.5
2207,32.5,147.5
2208,30,147.5
2209,27.5,147.5
2210,25,147.5
2211,22.5,147.5
2212,20,147.5
2213,17.5,147.5
2214,15,147.5
2215,12.5,147.5
2216,10,147.5
2217,7.5,147.5
2218,5,147.5
2219,2.5,147.5
2220,0,147.5
2221,90,150
2222,87.5,150
2223,85,150
2224,82.5,150
2225,80,150
2226,77.5,150
2227,75,150
2228,72.5,150
2229,70,150
2230,67.5,150
2231,65,150
2232,62.5,150
2233,60,150
2234,57.5,150
2235,55,150
2236,52.5,150
2237,50,150
2238,47.5,150
2239,45,150
2240,42.5,150
2241,40,150
2242,37.5,150
2243,35,150
2244,32.5,150
2245,30,150
2246,27.5,150
2247,25,150
2248,22.5,150
2249,20,150
2250,17.5,150
2251,15,150
2252,12.5,150
2253,10,150
2254,7.5,150
2255,5,150
2256,2.5,150
2257,0,150
2258,90,152.5
2259,87.5,152.5
2260,85,152.5
2261,82.5,152.5
2262,80,152.5
2263,77.5,152.5
2264,75,152.5
2265,72.5,152.5
2266,70,152.5
2267,67.5,152.5
2268,65,152.5
2269,62.5,152.5
2270,60,152.5
2271,57.5,152.5
2272,55,152.5
2273,52.5,152.5
2274,50,152.5
2275,47.5,152.5
2276,45,152.5
2277,42.5,152.5
2278,40,152.5
2279,37.5,152.5
2280,35,152.5
2281,32.5,152.5
2282,30,152.5
2283,27.5,152.5
2284,25,152.5
2285,22.5,152.5
2286,20,152.5
2287,17.5,152.5
2288,15,152.5
2289,12.5,152.5
2290,10,152.5
2291,7.5,152.5
2292,5,152.5
2293,2.5,152.5
2294,0,152.5
2295,90,155
2296,87.5,155
2297,85,155
2298,82.5,155
2299,80,155
2300,77.5,155
2301,75,155
2302,72.5,155
2303,70,155
2304,67.5,155
2305,65,155
2306,62.5,155
2307,60,155
2308,57.5,155
2309,55,155
2310,52.5,155
2311,50,155
2312,47.5,155
2313,45,155
2314,42.5,155
2315,40,155
2316,37.5,155
2317,35,155
2318,32.5,155
2319,30,155
2320,27.5,155
2321,25,155
2322,22.5,155
2323,20,155
2324,17.5,155
2325,15,155
2326,12.5,155
2327,10,155
2328,7.5,155
2329,5,155
2330,2.5,155
2331,0,155
2332,90,157.5
2333,87.5,157.5
2334,85,157.5
2335,82.5,157.5
2336,80,157.5
2337,77.5,157.5
2338,75,157.5
2339,72.5,157.5
2340,70,157.5
2341,67.5,157.5
2342,65,157.5
2343,62.5,157.5
2344,60,157.5
2345,57.5,157.5
2346,55,157.5
2347,52.5,157.5
2348,50,157.5
2349,47.5,157.5
2350,45,157.5
2351,42.5,157.5
2352,40,157.5
2353,37.5,157.5
2354,35,157.5
2355,32.5,157.5
2356,30,157.5
2357,27.5,157.5
2358,25,157.5
2359,22.5,157.5
2360,20,157.5
2361,17.5,157.5
2362,15,157.5
2363,12.5,157.5
2364,10,157.5
2365,7.5,157.5
2366,5,157.5
2367,2.5,157.5
2368,0,157.5
2369,90,160
2370,87.5,160
2371,85,160
2372,82.5,160
2373,80,160
2374,77.5,160
2375,75,160
2376,72.5,160
2377,70,160
2378,67.5,160
2379,65,160
2380,62.5,160
2381,60,160
2382,57.5,160
2383,55,160
2384,52.5,160
2385,50,160
2386,47.5,160
2387,45,160
2388,42.5,160
2389,40,160
2390,37.5,160
2391,35,160
2392,32.5,160
2393,30,160
2394,27.5,160
2395,25,160
2396,22.5,160
2397,20,160
2398,17.5,160
2399,15,160
2400,12.5,160
2401,10,160
2402,7.5,160
2403,5,160
2404,2.5,160
2405,0,160
2406,90,162.5
2407,87.5,162.5
2408,85,162.5
2409,82.5,162.5
2410,80,162.5
2411,77.5,162.5
2412,75,162.5
2413,72.5,162.5
2414,70,162.5
2415,67.5,162.5
2416,65,162.5
2417,62.5,162.5
2418,60,162.5
2419,57.5,162.5
2420,55,162.5
2421,52.5,162.5
2422,50,162.5
2423,47.5,162.5
2424,45,162.5
2425,42.5,162.5
2426,40,162.5
2427,37.5,162.5
2428,35,162.5
2429,32.5,162.5
2430,30,162.5
2431,27.5,162.5
2432,25,162.5
2433,22.5,162.5
2434,20,162.5
2435,17.5,162.5
2436,15,162.5
2437,12.5,162.5
2438,10,162.5
2439,7.5,162.5
2440,5,162.5
2441,2.5,162.5
2442,0,162.5
2443,90,165
2444,87.5,165
2445,85,165
2446,82.5,165
2447,80,165
2448,77.5,165
2449,75,165
2450,72.5,165
2451,70,165
2452,67.5,165
2453,65,165
2454,62.5,165
2455,60,165
2456,57.5,165
2457,55,165
2458,52.5,165
2459,50,165
2460,47.5,165
2461,45,165
2462,42.5,165
2463,40,165
2464,37.5,165
2465,35,165
2466,32.5,165
2467,30,165
2468,27.5,165
2469,25,165
2470,22.5,165
2471,20,165
2472,17.5,165
2473,15,165
2474,12.5,165
2475,10,165
2476,7.5,165
2477,5,165
2478,2.5,165
2479,0,165
2480,90,167.5
2481,87.5,167.5
2482,85,167.5
2483,82.5,167.5
2484,80,167.5
2485,77.5,167.5
2486,75,167.5
2487,72.5,167.5
2488,70,167.5
2489,67.5,167.5
2490,65,167.5
2491,62.5,167.5
2492,60,167.5
2493,57.5,167.5
2494,55,167.5
2495,52.5,167.5
2496,50,167.5
2497,47.5,167.5
2498,45,167.5
2499,42.5,167.5
2500,40,167.5
2501,37.5,167.5
2502,35,167.5
2503,32.5,167.5
2504,30,167.5
2505,27.5,167.5
2506,25,167.5
2507,22.5,167.5
2508,20,167.5
2509,17.5,167.5
2510,15,167.5
2511,12.5,167.5
2512,10,167.5
2513,7.5,167.5
2514,5,167.5
2515,2.5,167.5
2516,0,167.5
2517,90,170
2518,87.5,170
2519,85,170
2520,82.5,170
2521,80,170
2522,77.5,170
2523,75,170
2524,72.5,170
2525,70,170
2526,67.5,170
2527,65,170
2528,62.5,170
2529,60,170
2530,57.5,170
2531,55,170
2532,52.5,170
2533,50,170
2534,47.5,170
2535,45,170
2536,42.5,170
2537,40,170
2538,37.5,170
2539,35,170
2540,32.5,170
2541,30,170
2542,27.5,170
2543,25,170
2544,22.5,170
2545,20,170
2546,17.5,170
2547,15,170
2548,12.5,170
2549,10,170
2550,7.5,170
2551,5,170
2552,2.5,170
2553,0,170
2554,90,172.5
2555,87.5,172.5
2556,85,172.5
2557,82.5,172.5
2558,80,172.5
2559,77.5,172.5
2560,75,172.5
2561,72.5,172.5
2562,70,172.5
2563,67.5,172.5
2564,65,172.5
2565,62.5,172.5
2566,60,172.5
2567,57.5,172.5
2568,55,172.5
2569,52.5,172.5
2570,50,172.5
2571,47.5,172.5
2572,45,172.5
2573,42.5,172.5
2574,40,172.5
2575,37.5,172.5
2576,35,172.5
2577,32.5,172.5
2578,30,172.5
2579,27.5,172.5
2580,25,172.5
2581,22.5,172.5
2582,20,172.5
2583,17.5,172.5
2584,15,172.5
2585,12.5,172.5
2586,10,172.5
2587,7.5,172.5
2588,5,172.5
2589,2.5,172.5
2590,0,172.5
2591,90,175
2592,87.5,175
2593,85,175
2594,82.5,175
2595,80,175
2596,77.5,175
2597,75,175
2598,72.5,175
2599,70,175
2600,67.5,175
2601,65,175
2602,62.5,175
2603,60,175
2604,57.5,175
2605,55,175
2606,52.5,175
2607,50,175
2608,47.5,175
2609,45,175
2610,42.5,175
2611,40,175
2612,37.5,175
2613,35,175
2614,32.5,175
2615,30,175
2616,27.5,175
2617,25,175
2618,22.5,175
2619,20,175
2620,17.5,175
2621,15,175
2622,12.5,175
2623,10,175
2624,7.5,175
2625,5,175
2626,2.5,175
2627,0,175
2628,90,177.5
2629,87.5,177.5
2630,85,177.5
2631,82.5,177.5
2632,80,177.5
2633,77.5,177.5
2634,75,177.5
2635,72.5,177.5
2636,70,177.5
2637,67.5,177.5
2638,65,177.5
2639,62.5,177.5
2640,60,177.5
2641,57.5,177.5
2642,55,177.5
2643,52.5,177.5
2644,50,177.5
2645,47.5,177.5
2646,45,177.5
2647,42.5,177.5
2648,40,177.5
2649,37.5,177.5
2650,35,177.5
2651,32.5,177.5
2652,30,177.5
2653,27.5,177.5
2654,25,177.5
2655,22.5,177.5
2656,20,177.5
2657,17.5,177.5
2658,15,177.5
2659,12.5,177.5
2660,10,177.5
2661,7.5,177.5
2662,5,177.5
2663,2.5,177.5
2664,0,177.5
2665,90,180
2666,87.5,180
2667,85,180
2668,82.5,180
2669,80,180
2670,77.5,180
2671,75,180
2672,72.5,180
2673,70,180
2674,67.5,180
2675,65,180
2676,62.5,180
2677,60,180
2678,57.5,180
2679,55,180
2680,52.5,180
2681,50,180
2682,47.5,180
2683,45,180
2684,42.5,180
2685,40,180
2686,37.5,180
2687,35,180
2688,32.5,180
2689,30,180
2690,27.5,180
2691,25,180
2692,22.5,180
2693,20,180
2694,17.5,180
2695,15,180
2696,12.5,180
2697,10,180
2698,7.5,180
2699,5,180
2700,2.5,180
2701,0,180
2702,90,182.5
2703,87.5,182.5
2704,85,182.5
2705,82.5,182.5
2706,80,182.5
2707,77.5,182.5
2708,75,182.5
2709,72.5,182.5
2710,70,182.5
2711,67.5,182.5
2712,65,182.5
2713,62.5,182.5
2714,60,182.5
2715,57.5,182.5
2716,55,182.5
2717,52.5,182.5
2718,50,182.5
2719,47.5,182.5
2720,45,182.5
2721,42.5,182.5
2722,40,182.5
2723,37.5,182.5
2724,35,182.5
2725,32.5,182.5
2726,30,182.5
2727,27.5,182.5
2728,25,182.5
2729,22.5,182.5
2730,20,182.5
2731,17.5,182.5
2732,15,182.5
2733,12.5,182.5
2734,10,182.5
2735,7.5,182.5
2736,5,182.5
2737,2.5,182.5
2738,0,182.5
2739,90,185
2740,87.5,185
2741,85,185
2742,82.5,185
2743,80,185
2744,77.5,185
2745,75,185
2746,72.5,185
2747,70,185
2748,67.5,185
2749,65,185
2750,62.5,185
2751,60,185
2752,57.5,185
2753,55,185
2754,52.5,185
2755,50,185
2756,47.5,185
2757,45,185
2758,42.5,185
2759,40,185
2760,37.5,185
2761,35,185
2762,32.5,185
2763,30,185
2764,27.5,185
2765,25,185
2766,22.5,185
2767,20,185
2768,17.5,185
2769,15,185
2770,12.5,185
2771,10,185
2772,7.5,185
2773,5,185
2774,2.5,185
2775,0,185
2776,90,187.5
2777,87.5,187.5
2778,85,187.5
2779,82.5,187.5
2780,80,187.5
2781,77.5,187.5
2782,75,187.5
2783,72.5,187.5
2784,70,187.5
2785,67.5,187.5
2786,65,187.5
2787,62.5,187.5
2788,60,187.5
2789,57.5,187.5
2790,55,187.5
2791,52.5,187.5
2792,50,187.5
2793,47.5,187.5
2794,45,187.5
2795,42.5,187.5
2796,40,187.5
2797,37.5,187.5
2798,35,187.5
2799,32.5,187.5
2800,30,187.5
2801,27.5,187.5
2802,25,187.5
2803,22.5,187.5
2804,20,187.5
2805,17.5,187.5
2806,15,187.5
2807,12.5,187.5
2808,10,187.5
2809,7.5,187.5
2810,5,187.5
2811,2.5,187.5
2812,0,187.5
2813,90,190
2814,87.5,190
2815,85,190
2816,82.5,190
2817,80,190
2818,77.5,190
2819,75,190
2820,72.5,190
2821,70,190
2822,67.5,190
2823,65,190
2824,62.5,190
2825,60,190
2826,57.5,190
2827,55,190
2828,52.5,190
2829,50,190
2830,47.5,190
2831,45,190
2832,42.5,190
2833,40,190
2834,37.5,190
2835,35,190
2836,32.5,190
2837,30,190
2838,27.5,190
2839,25,190
2840,22.5,190
2841,20,190
2842,17.5,190
2843,15,190
2844,12.5,190
2845,10,190
2846,7.5,190
2847,5,190
2848,2.5,190
2849,0,190
2850,90,192.5
2851,87.5,192.5
2852,85,192.5
2853,82.5,192.5
2854,80,192.5
2855,77.5,192.5
2856,75,192.5
2857,72.5,192.5
2858,70,192.5
2859,67.5,192.5
2860,65,192.5
2861,62.5,192.5
2862,60,192.5
2863,57.5,192.5
2864,55,192.5
2865,52.5,192.5
2866,50,192.5
2867,47.5,192.5
2868,45,192.5
2869,42.5,192.5
2870,40,192.5
2871,37.5,192.5
2872,35,192.5
2873,32.5,192.5
2874,30,192.5
2875,27.5,192.5
2876,25,192.5
2877,22.5,192.5
2878,20,192.5
2879,17.5,192.5
2880,15,192.5
2881,12.5,192.5
2882,10,192.5
2883,7.5,192.5
2884,5,192.5
2885,2.5,192.5
2886,0,192.5
2887,90,195
2888,87.5,195
2889,85,195
2890,82.5,195
2891,80,195
2892,77.5,195
2893,75,195
2894,72.5,195
2895,70,195
2896,67.5,195
2897,65,195
2898,62.5,195
2899,60,195
2900,57.5,195
2901,55,195
2902,52.5,195
2903,50,195
2904,47.5,195
2905,45,195
2906,42.5,195
2907,40,195
2908,37.5,195
2909,35,195
2910,32.5,195
2911,30,195
2912,27.5,195
2913,25,195
2914,22.5,195
2915,20,195
2916,17.5,195
2917,15,195
2918,12.5,195
2919,10,195
2920,7.5,195
2921,5,195
2922,2.5,195
2923,0,195
2924,90,197.5
2925,87.5,197.5
2926,85,197.5
2927,82.5,197.5
2928,80,197.5
2929,77.5,197.5
2930,75,197.5
2931,72.5,197.5
2932,70,197.5
2933,67.5,197.5
2934,65,197.5
2935,62.5,197.5
2936,60,197.5
2937,57.5,197.5
2938,55,197.5
2939,52.5,197.5
2940,50,197.5
2941,47.5,197.5
2942,45,197.5
2943,42.5,197.5
2944,40,197.5
2945,37.5,197.5
2946,35,197.5
2947,32.5,197.5
2948,30,197.5
2949,27.5,197.5
2950,25,197.5
2951,22.5,197.5
2952,20,197.5
2953,17.5,197.5
2954,15,197.5
2955,12.5,197.5
2956,10,197.5
2957,7.5,197.5
2958,5,197.5
2959,2.5,197.5
2960,0,197.5
2961,90,200
2962,87.5,200
2963,85,200
2964,82.5,200
2965,80,200
2966,77.5,200
2967,75,200
2968,72.5,200
2969,70,200
2970,67.5,200
2971,65,200
2972,62.5,200
2973,60,200
2974,57.5,200
2975,55,200
2976,52.5,200
2977,50,200
2978,47.5,200
2979,45,200
2980,42.5,200
2981,40,200
2982,37.5,200
2983,35,200
2984,32.5,200
2985,30,200
2986,27.5,200
2987,25,200
2988,22.5,200
2989,20,200
2990,17.5,200
2991,15,200
2992,12.5,200
2993,10,200
2994,7.5,200
2995,5,200
2996,2.5,200
2997,0,200
2998,90,202.5
2999,87.5,202.5
3000,85,202.5
3001,82.5,202.5
3002,80,202.5
3003,77.5,202.5
3004,75,202.5
3005,72.5,202.5
3006,70,202.5
3007,67.5,202.5
3008,65,202.5
3009,62.5,202.5
3010,60,202.5
3011,57.5,202.5
3012,55,202.5
3013,52.5,202.5
3014,50,202.5
3015,47.5,202.5
3016,45,202.5
3017,42.5,202.5
3018,40,202.5
3019,37.5,202.5
3020,35,202.5
3021,32.5,202.5
3022,30,202.5
3023,27.5,202.5
3024,25,202.5
3025,22.5,202.5
3026,20,202.5
3027,17.5,202.5
3028,15,202.5
3029,12.5,202.5
3030,10,202.5
3031,7.5,202.5
3032,5,202.5
3033,2.5,202.5
3034,0,202.5
3035,90,205
3036,87.5,205
3037,85,205
3038,82.5,205
3039,80,205
3040,77.5,205
3041,75,205
3042,72.5,205
3043,70,205
3044,67.5,205
3045,65,205
3046,62.5,205
3047,60,205
3048,57.5,205
3049,55,205
3050,52.5,205
3051,50,205
3052,47.5,205
3053,45,205
3054,42.5,205
3055,40,205
3056,37.5,205
3057,35,205
3058,32.5,205
3059,30,205
3060,27.5,205
3061,25,205
3062,22.5,205
3063,20,205
3064,17.5,205
3065,15,205
3066,12.5,205
3067,10,205
3068,7.5,205
3069,5,205
3070,2.5,205
3071,0,205
3072,90,207.5
3073,87.5,207.5
3074,85,207.5
3075,82.5,207.5
3076,80,207.5
3077,77.5,207.5
3078,75,207.5
3079,72.5,207.5
3080,70,207.5
3081,67.5,207.5
3082,65,207.5
3083,62.5,207.5
3084,60,207.5
3085,57.5,207.5
3086,55,207.5
3087,52.5,207.5
3088,50,207.5
3089,47.5,207.5
3090,45,207.5
3091,42.5,207.5
3092,40,207.5
3093,37.5,207.5
3094,35,207.5
3095,32.5,207.5
3096,30,207.5
3097,27.5,207.5
3098,25,207.5
3099,22.5,207.5
3100,20,207.5
3101,17.5,207.5
3102,15,207.5
3103,12.5,207.5
3104,10,207.5
3105,7.5,207.5
3106,5,207.5
3107,2.5,207.5
3108,0,207.5
3109,90,210
3110,87.5,210
3111,85,210
3112,82.5,210
3113,80,210
3114,77.5,210
3115,75,210
3116,72.5,210
3117,70,210
3118,67.5,210
3119,65,210
3120,62.5,210
3121,60,210
3122,57.5,210
3123,55,210
3124,52.5,210
3125,50,210
3126,47.5,210
3127,45,210
3128,42.5,210
3129,40,210
3130,37.5,210
3131,35,210
3132,32.5,210
3133,30,210
3134,27.5,210
3135,25,210
3136,22.5,210
3137,20,210
3138,17.5,210
3139,15,210
3140,12.5,210
3141,10,210
3142,7.5,210
3143,5,210
3144,2.5,210
3145,0,210
3146,90,212.5
3147,87.5,212.5
3148,85,212.5
3149,82.5,212.5
3150,80,212.5
3151,77.5,212.5
3152,75,212.5
3153,72.5,212.5
3154,70,212.5
3155,67.5,212.5
3156,65,212.5
3157,62.5,212.5
3158,60,212.5
3159,57.5,212.5
3160,55,212.5
3161,52.5,212.5
3162,50,212.5
3163,47.5,212.5
3164,45,212.5
3165,42.5,212.5
3166,40,212.5
3167,37.5,212.5
3168,35,212.5
3169,32.5,212.5
3170,30,212.5
3171,27.5,212.5
3172,25,212.5
3173,22.5,212.5
3174,20,212.5
3175,17.5,212.5
3176,15,212.5
3177,12.5,212.5
3178,10,212.5
3179,7.5,212.5
3180,5,212.5
3181,2.5,212.5
3182,0,212.5
3183,90,215
3184,87.5,215
3185,85,215
3186,82.5,215
3187,80,215
3188,77.5,215
3189,75,215
3190,72.5,215
3191,70,215
3192,67.5,215
3193,65,215
3194,62.5,215
3195,60,215
3196,57.5,215
3197,55,215
3198,52.5,215
3199,50,215
3200,47.5,215
3201,45,215
3202,42.5,215
3203,40,215
3204,37.5,215
3205,35,215
3206,32.5,215
3207,30,215
3208,27.5,215
3209,25,215
3210,22.5,215
3211,20,215
3212,17.5,215
3213,15,215
3214,12.5,215
3215,10,215
3216,7.5,215
3217,5,215
3218,2.5,215
3219,0,215
3220,90,217.5
3221,87.5,217.5
3222,85,217.5
3223,82.5,217.5
3224,80,217.5
3225,77.5,217.5
3226,75,217.5
3227,72.5,217.5
3228,70,217.5
3229,67.5,217.5
3230,65,217.5
3231,62.5,217.5
3232,60,217.5
3233,57.5,217.5
3234,55,217.5
3235,52.5,217.5
3236,50,217.5
3237,47.5,217.5
3238,45,217.5
3239,42.5,217.5
3240,40,217.5
3241,37.5,217.5
3242,35,217.5
3243,32.5,217.5
3244,30,217.5
3245,27.5,217.5
3246,25,217.5
3247,22.5,217.5
3248,20,217.5
3249,17.5,217.5
3250,15,217.5
3251,12.5,217.5
3252,10,217.5
3253,7.5,217.5
3254,5,217.5
3255,2.5,217.5
3256,0,217.5
3257,90,220
3258,87.5,220
3259,85,220
3260,82.5,220
3261,80,220
3262,77.5,220
3263,75,220
3264,72.5,220
3265,70,220
3266,67.5,220
3267,65,220
3268,62.5,220
3269,60,220
3270,57.5,220
3271,55,220
3272,52.5,220
3273,50,220
3274,47.5,220
3275,45,220
3276,42.5,220
3277,40,220
3278,37.5,220
3279,35,220
3280,32.5,220
3281,30,220
3282,27.5,220
3283,25,220
3284,22.5,220
3285,20,220
3286,17.5,220
3287,15,220
3288,12.5,220
3289,10,220
3290,7.5,220
3291,5,220
3292,2.5,220
3293,0,220
3294,90,222.5
3295,87.5,222.5
3296,85,222.5
3297,82.5,222.5
3298,80,222.5
3299,77.5,222.5
3300,75,222.5
3301,72.5,222.5
3302,70,222.5
3303,67.5,222.5
3304,65,222.5
3305,62.5,222.5
3306,60,222.5
3307,57.5,222.5
3308,55,222.5
3309,52.5,222.5
3310,50,222.5
3311,47.5,222.5
3312,45,222.5
3313,42.5,222.5
3314,40,222.5
3315,37.5,222.5
3316,35,222.5
3317,32.5,222.5
3318,30,222.5
3319,27.5,222.5
3320,25,222.5
3321,22.5,222.5
3322,20,222.5
3323,17.5,222.5
3324,15,222.5
3325,12.5,222.5
3326,10,222.5
3327,7.5,222.5
3328,5,222.5
3329,2.5,222.5
3330,0,222.5
3331,90,225
3332,87.5,225
3333,85,225
3334,82.5,225
3335,80,225
3336,77.5,225
3337,75,225
3338,72.5,225
3339,70,225
3340,67.5,225
3341,65,225
3342,62.5,225
3343,60,225
3344,57.5,225
3345,55,225
3346,52.5,225
3347,50,225
3348,47.5,225
3349,45,225
3350,42.5,225
3351,40,225
3352,37.5,225
3353,35,225
3354,32.5,225
3355,30,225
3356,27.5,225
3357,25,225
3358,22.5,225
3359,20,225
3360,17.5,225
3361,15,225
3362,12.5,225
3363,10,225
3364,7.5,225
3365,5,225
3366,2.5,225
3367,0,225
3368,90,227.5
3369,87.5,227.5
3370,85,227.5
3371,82.5,227.5
3372,80,227.5
3373,77.5,227.5
3374,75,227.5
3375,72.5,227.5
3376,70,227.5
3377,67.5,227.5
3378,65,227.5
3379,62.5,227.5
3380,60,227.5
3381,57.5,227.5
3382,55,227.5
3383,52.5,227.5
3384,50,227.5
3385,47.5,227.5
3386,45,227.5
3387,42.5,227.5
3388,40,227.5
3389,37.5,227.5
3390,35,227.5
3391,32.5,227.5
3392,30,227.5
3393,27.5,227.5
3394,25,227.5
3395,22.5,227.5
3396,20,227.5
3397,17.5,227.5
3398,15,227.5
3399,12.5,227.5
3400,10,227.5
3401,7.5,227.5
3402,5,227.5
3403,2.5,227.5
3404,0,227.5
3405,90,230
3406,87.5,230
3407,85,230
3408,82.5,230
3409,80,230
3410,77.5,230
3411,75,230
3412,72.5,230
3413,70,230
3414,67.5,230
3415,65,230
3416,62.5,230
3417,60,230
3418,57.5,230
3419,55,230
3420,52.5,230
3421,50,230
3422,47.5,230
3423,45,230
3424,42.5,230
3425,40,230
3426,37.5,230
3427,35,230
3428,32.5,230
3429,30,230
3430,27.5,230
3431,25,230
3432,22.5,230
3433,20,230
3434,17.5,230
3435,15,230
3436,12.5,230
3437,10,230
3438,7.5,230
3439,5,230
3440,2.5,230
3441,0,230
3442,90,232.5
3443,87.5,232.5
3444,85,232.5
3445,82.5,232.5
3446,80,232.5
3447,77.5,232.5
3448,75,232.5
3449,72.5,232.5
3450,70,232.5
3451,67.5,232.5
3452,65,232.5
3453,62.5,232.5
3454,60,232.5
3455,57.5,232.5
3456,55,232.5
3457,52.5,232.5
3458,50,232.5
3459,47.5,232.5
3460,45,232.5
3461,42.5,232.5
3462,40,232.5
3463,37.5,232.5
3464,35,232.5
3465,32.5,232.5
3466,30,232.5
3467,27.5,232.5
3468,25,232.5
3469,22.5,232.5
3470,20,232.5
3471,17.5,232.5
3472,15,232.5
3473,12.5,232.5
3474,10,232.5
3475,7.5,232.5
3476,5,232.5
3477,2.5,232.5
3478,0,232.5
3479,90,235
3480,87.5,235
3481,85,235
3482,82.5,235
3483,80,235
3484,77.5,235
3485,75,235
3486,72.5,235
3487,70,235
3488,67.5,235
3489,65,235
3490,62.5,235
3491,60,235
3492,57.5,235
3493,55,235
3494,52.5,235
3495,50,235
3496,47.5,235
3497,45,235
3498,42.5,235
3499,40,235
3500,37.5,235
3501,35,235
3502,32.5,235
3503,30,235
3504,27.5,235
3505,25,235
3506,22.5,235
3507,20,235
3508,17.5,235
3509,15,235
3510,12.5,235
3511,10,235
3512,7.5,235
3513,5,235
3514,2.5,235
3515,0,235
3516,90,237.5
3517,87.5,237.5
3518,85,237.5
3519,82.5,237.5
3520,80,237.5
3521,77.5,237.5
3522,75,237.5
3523,72.5,237.5
3524,70,237.5
3525,67.5,237.5
3526,65,237.5
3527,62.5,237.5
3528,60,237.5
3529,57.5,237.5
3530,55,237.5
3531,52.5,237.5
3532,50,237.5
3533,47.5,237.5
3534,45,237.5
3535,42.5,237.5
3536,40,237.5
3537,37.5,237.5
3538,35,237.5
3539,32.5,237.5
3540,30,237.5
3541,27.5,237.5
3542,25,237.5
3543,22.5,237.5
3544,20,237.5
3545,17.5,237.5
3546,15,237.5
3547,12.5,237.5
3548,10,237.5
3549,7.5,237.5
3550,5,237.5
3551,2.5,237.5
3552,0,237.5
3553,90,240
3554,87.5,240
3555,85,240
3556,82.5,240
3557,80,240
3558,77.5,240
3559,75,240
3560,72.5,240
3561,70,240
3562,67.5,240
3563,65,240
3564,62.5,240
3565,60,240
3566,57.5,240
3567,55,240
3568,52.5,240
3569,50,240
3570,47.5,240
3571,45,240
3572,42.5,240
3573,40,240
3574,37.5,240
3575,35,240
3576,32.5,240
3577,30,240
3578,27.5,240
3579,25,240
3580,22.5,240
3581,20,240
3582,17.5,240
3583,15,240
3584,12.5,240
3585,10,240
3586,7.5,240
3587,5,240
3588,2.5,240
3589,0,240
3590,90,242.5
3591,87.5,242.5
3592,85,242.5
3593,82.5,242.5
3594,80,242.5
3595,77.5,242.5
3596,75,242.5
3597,72.5,242.5
3598,70,242.5
3599,67.5,242.5
3600,65,242.5
3601,62.5,242.5
3602,60,242.5
3603,57.5,242.5
3604,55,242.5
3605,52.5,242.5
3606,50,242.5
3607,47.5,242.5
3608,45,242.5
3609,42.5,242.5
3610,40,242.5
3611,37.5,242.5
3612,35,242.5
3613,32.5,242.5
3614,30,242.5
3615,27.5,242.5
3616,25,242.5
3617,22.5,242.5
3618,20,242.5
3619,17.5,242.5
3620,15,242.5
3621,12.5,242.5
3622,10,242.5
3623,7.5,242.5
3624,5,242.5
3625,2.5,242.5
3626,0,242.5
3627,90,245
3628,87.5,245
3629,85,245
3630,82.5,245
3631,80,245
3632,77.5,245
3633,75,245
3634,72.5,245
3635,70,245
3636,67.5,245
3637,65,245
3638,62.5,245
3639,60,245
3640,57.5,245
3641,55,245
3642,52.5,245
3643,50,245
3644,47.5,245
3645,45,245
3646,42.5,245
3647,40,245
3648,37.5,245
3649,35,245
3650,32.5,245
3651,30,245
3652,27.5,245
3653,25,245
3654,22.5,245
3655,20,245
3656,17.5,245
3657,15,245
3658,12.5,245
3659,10,245
3660,7.5,245
3661,5,245
3662,2.5,245
3663,0,245
3664,90,247.5
3665,87.5,247.5
3666,85,247.5
3667,82.5,247.5
3668,80,247.5
3669,77.5,247.5
3670,75,247.5
3671,72.5,247.5
3672,70,247.5
3673,67.5,247.5
3674,65,247.5
3675,62.5,247.5
3676,60,247.5
3677,57.5,247.5
3678,55,247.5
3679,52.5,247.5
3680,50,247.5
3681,47.5,247.5
3682,45,247.5
3683,42.5,247.5
3684,40,247.5
3685,37.5,247.5
3686,35,247.5
3687,32.5,247.5
3688,30,247.5
3689,27.5,247.5
3690,25,247.5
3691,22.5,247.5
3692,20,247.5
3693,17.5,247.5
3694,15,247.5
3695,12.5,247.5
3696,10,247.5
3697,7.5,247.5
3698,5,247.5
3699,2.5,247.5
3700,0,247.5
3701,90,250
3702,87.5,250
3703,85,250
3704,82.5,250
3705,80,250
3706,77.5,250
3707,75,250
3708,72.5,250
3709,70,250
3710,67.5,250
3711,65,250
3712,62.5,250
3713,60,250
3714,57.5,250
3715,55,250
3716,52.5,250
3717,50,250
3718,47.5,250
3719,45,250
3720,42.5,250
3721,40,250
3722,37.5,250
3723,35,250
3724,32.5,250
3725,30,250
3726,27.5,250
3727,25,250
3728,22.5,250
3729,20,250
3730,17.5,250
3731,15,250
3732,12.5,250
3733,10,250
3734,7.5,250
3735,5,250
3736,2.5,250
3737,0,250
3738,90,252.5
3739,87.5,252.5
3740,85,252.5
3741,82.5,252.5
3742,80,252.5
3743,77.5,252.5
3744,75,252.5
3745,72.5,252.5
3746,70,252.5
3747,67.5,252.5
3748,65,252.5
3749,62.5,252.5
3750,60,252.5
3751,57.5,252.5
3752,55,252.5
3753,52.5,252.5
3754,50,252.5
3755,47.5,252.5
3756,45,252.5
3757,42.5,252.5
3758,40,252.5
3759,37.5,252.5
3760,35,252.5
3761,32.5,252.5
3762,30,252.5
3763,27.5,252.5
3764,25,252.5
3765,22.5,252.5
3766,20,252.5
3767,17.5,252.5
3768,15,252.5
3769,12.5,252.5
3770,10,252.5
3771,7.5,252.5
3772,5,252.5
3773,2.5,252.5
3774,0,252.5
3775,90,255
3776,87.5,255
3777,85,255
3778,82.5,255
3779,80,255
3780,77.5,255
3781,75,255
3782,72.5,255
3783,70,255
3784,67.5,255
3785,65,255
3786,62.5,255
3787,60,255
3788,57.5,255
3789,55,255
3790,52.5,255
3791,50,255
3792,47.5,255
3793,45,255
3794,42.5,255
3795,40,255
3796,37.5,255
3797,35,255
3798,32.5,255
3799,30,255
3800,27.5,255
3801,25,255
3802,22.5,255
3803,20,255
3804,17.5,255
3805,15,255
3806,12.5,255
3807,10,255
3808,7.5,255
3809,5,255
3810,2.5,255
3811,0,255
3812,90,257.5
3813,87.5,257.5
3814,85,257.5
3815,82.5,257.5
3816,80,257.5
3817,77.5,257.5
3818,75,257.5
3819,72.5,257.5
3820,70,257.5
3821,67.5,257.5
3822,65,257.5
3823,62.5,257.5
3824,60,257.5
3825,57.5,257.5
3826,55,257.5
3827,52.5,257.5
3828,50,257.5
3829,47.5,257.5
3830,45,257.5
3831,42.5,257.5
3832,40,257.5
3833,37.5,257.5
3834,35,257.5
3835,32.5,257.5
3836,30,257.5
3837,27.5,257.5
3838,25,257.5
3839,22.5,257.5
3840,20,257.5
3841,17.5,257.5
3842,15,257.5
3843,12.5,257.5
3844,10,257.5
3845,7.5,257.5
3846,5,257.5
3847,2.5,257.5
3848,0,257.5
3849,90,260
3850,87.5,260
3851,85,260
3852,82.5,260
3853,80,260
3854,77.5,260
3855,75,260
3856,72.5,260
3857,70,260
3858,67.5,260
3859,65,260
3860,62.5,260
3861,60,260
3862,57.5,260
3863,55,260
3864,52.5,260
3865,50,260
3866,47.5,260
3867,45,260
3868,42.5,260
3869,40,260
3870,37.5,260
3871,35,260
3872,32.5,260
3873,30,260
3874,27.5,260
3875,25,260
3876,22.5,260
3877,20,260
3878,17.5,260
3879,15,260
3880,12.5,260
3881,10,260
3882,7.5,260
3883,5,260
3884,2.5,260
3885,0,260
3886,90,262.5
3887,87.5,262.5
3888,85,262.5
3889,82.5,262.5
3890,80,262.5
3891,77.5,262.5
3892,75,262.5
3893,72.5,262.5
3894,70,262.5
3895,67.5,262.5
3896,65,262.5
3897,62.5,262.5
3898,60,262.5
3899,57.5,262.5
3900,55,262.5
3901,52.5,262.5
3902,50,262.5
3903,47.5,262.5
3904,45,262.5
3905,42.5,262.5
3906,40,262.5
3907,37.5,262.5
3908,35,262.5
3909,32.5,262.5
3910,30,262.5
3911,27.5,262.5
3912,25,262.5
3913,22.5,262.5
3914,20,262.5
3915,17.5,262.5
3916,15,262.5
3917,12.5,262.5
3918,10,262.5
3919,7.5,262.5
3920,5,262.5
3921,2.5,262.5
3922,0,262.5
3923,90,265
3924,87.5,265
3925,85,265
3926,82.5,265
3927,80,265
3928,77.5,265
3929,75,265
3930,72.5,265
3931,70,265
3932,67.5,265
3933,65,265
3934,62.5,265
3935,60,265
3936,57.5,265
3937,55,265
3938,52.5,265
3939,50,265
3940,47.5,265
3941,45,265
3942,42.5,265
3943,40,265
3944,37.5,265
3945,35,265
3946,32.5,265
3947,30,265
3948,27.5,265
3949,25,265
3950,22.5,265
3951,20,265
3952,17.5,265
3953,15,265
3954,12.5,265
3955,10,265
3956,7.5,265
3957,5,265
3958,2.5,265
3959,0,265
3960,90,267.5
3961,87.5,267.5
3962,85,267.5
3963,82.5,267.5
3964,80,267.5
3965,77.5,267.5
3966,75,267.5
3967,72.5,267.5
3968,70,267.5
3969,67.5,267.5
3970,65,267.5
3971,62.5,267.5
3972,60,267.5
3973,57.5,267.5
3974,55,267.5
3975,52.5,267.5
3976,50,267.5
3977,47.5,267.5
3978,45,267.5
3979,42.5,267.5
3980,40,267.5
3981,37.5,267.5
3982,35,267.5
3983,32.5,267.5
3984,30,267.5
3985,27.5,267.5
3986,25,267.5
3987,22.5,267.5
3988,20,267.5
3989,17.5,267.5
3990,15,267.5
3991,12.5,267.5
3992,10,267.5
3993,7.5,267.5
3994,5,267.5
3995,2.5,267.5
3996,0,267.5
3997,90,270
3998,87.5,270
3999,85,270
4000,82.5,270
4001,80,270
4002,77.5,270
4003,75,270
4004,72.5,270
4005,70,270
4006,67.5,270
4007,65,270
4008,62.5,270
4009,60,270
4010,57.5,270
4011,55,270
4012,52.5,270
4013,50,270
4014,47.5,270
4015,45,270
4016,42.5,270
4017,40,270
4018,37.5,270
4019,35,270
4020,32.5,270
4021,30,270
4022,27.5,270
4023,25,270
4024,22.5,270
4025,20,270
4026,17.5,270
4027,15,270
4028,12.5,270
4029,10,270
4030,7.5,270
4031,5,270
4032,2.5,270
4033,0,270
4034,90,272.5
4035,87.5,272.5
4036,85,272.5
4037,82.5,272.5
4038,80,272.5
4039,77.5,272.5
4040,75,272.5
4041,72.5,272.5
4042,70,272.5
4043,67.5,272.5
4044,65,272.5
4045,62.5,272.5
4046,60,272.5
4047,57.5,272.5
4048,55,272.5
4049,52.5,272.5
4050,50,272.5
4051,47.5,272.5
4052,45,272.5
4053,42.5,272.5
4054,40,272.5
4055,37.5,272.5
4056,35,272.5
4057,32.5,272.5
4058,30,272.5
4059,27.5,272.5
4060,25,272.5
4061,22.5,272.5
4062,20,272.5
4063,17.5,272.5
4064,15,272.5
4065,12.5,272.5
4066,10,272.5
4067,7.5,272.5
4068,5,272.5
4069,2.5,272.5
4070,0,272.5
4071,90,275
4072,87.5,275
4073,85,275
4074,82.5,275
4075,80,275
4076,77.5,275
4077,75,275
4078,72.5,275
4079,70,275
4080,67.5,275
4081,65,275
4082,62.5,275
4083,60,275
4084,57.5,275
4085,55,275
4086,52.5,275
4087,50,275
4088,47.5,275
4089,45,275
4090,42.5,275
4091,40,275
4092,37.5,275
4093,35,275
4094,32.5,275
4095,30,275
4096,27.5,275
4097,25,275
4098,22.5,275
4099,20,275
4100,17.5,275
4101,15,275
4102,12.5,275
4103,10,275
4104,7.5,275
4105,5,275
4106,2.5,275
4107,0,275
4108,90,277.5
4109,87.5,277.5
4110,85,277.5
4111,82.5,277.5
4112,80,277.5
4113,77.5,277.5
4114,75,277.5
4115,72.5,277.5
4116,70,277.5
4117,67.5,277.5
4118,65,277.5
4119,62.5,277.5
4120,60,277.5
4121,57.5,277.5
4122,55,277.5
4123,52.5,277.5
4124,50,277.5
4125,47.5,277.5
4126,45,277.5
4127,42.5,277.5
4128,40,277.5
4129,37.5,277.5
4130,35,277.5
4131,32.5,277.5
4132,30,277.5
4133,27.5,277.5
4134,25,277.5
4135,22.5,277.5
4136,20,277.5
4137,17.5,277.5
4138,15,277.5
4139,12.5,277.5
4140,10,277.5
4141,7.5,277.5
4142,5,277.5
4143,2.5,277.5
4144,0,277.5
4145,90,280
4146,87.5,280
4147,85,280
4148,82.5,280
4149,80,280
4150,77.5,280
4151,75,280
4152,72.5,280
4153,70,280
4154,67.5,280
4155,65,280
4156,62.5,280
4157,60,280
4158,57.5,280
4159,55,280
4160,52.5,280
4161,50,280
4162,47.5,280
4163,45,280
4164,42.5,280
4165,40,280
4166,37.5,280
4167,35,280
4168,32.5,280
4169,30,280
4170,27.5,280
4171,25,280
4172,22.5,280
4173,20,280
4174,17.5,280
4175,15,280
4176,12.5,280
4177,10,280
4178,7.5,280
4179,5,280
4180,2.5,280
4181,0,280
4182,90,282.5
4183,87.5,282.5
4184,85,282.5
4185,82.5,282.5
4186,80,282.5
4187,77.5,282.5
4188,75,282.5
4189,72.5,282.5
4190,70,282.5
4191,67.5,282.5
4192,65,282.5
4193,62.5,282.5
4194,60,282.5
4195,57.5,282.5
4196,55,282.5
4197,52.5,282.5
4198,50,282.5
4199,47.5,282.5
4200,45,282.5
4201,42.5,282.5
4202,40,282.5
4203,37.5,282.5
4204,35,282.5
4205,32.5,282.5
4206,30,282.5
4207,27.5,282.5
4208,25,282.5
4209,22.5,282.5
4210,20,282.5
4211,17.5,282.5
4212,15,282.5
4213,12.5,282.5
4214,10,282.5
4215,7.5,282.5
4216,5,282.5
4217,2.5,282.5
4218,0,282.5
4219,90,285
4220,87.5,285
4221,85,285
4222,82.5,285
4223,80,285
4224,77.5,285
4225,75,285
4226,72.5,285
4227,70,285
4228,67.5,285
4229,65,285
4230,62.5,285
4231,60,285
4232,57.5,285
4233,55,285
4234,52.5,285
4235,50,285
4236,47.5,285
4237,45,285
4238,42.5,285
4239,40,285
4240,37.5,285
4241,35,285
4242,32.5,285
4243,30,285
4244,27.5,285
4245,25,285
4246,22.5,285
4247,20,285
4248,17.5,285
4249,15,285
4250,12.5,285
4251,10,285
4252,7.5,285
4253,5,285
4254,2.5,285
4255,0,285
4256,90,287.5
4257,87.5,287.5
4258,85,287.5
4259,82.5,287.5
4260,80,287.5
4261,77.5,287.5
4262,75,287.5
4263,72.5,287.5
4264,70,287.5
4265,67.5,287.5
4266,65,287.5
4267,62.5,287.5
4268,60,287.5
4269,57.5,287.5
4270,55,287.5
4271,52.5,287.5
4272,50,287.5
4273,47.5,287.5
4274,45,287.5
4275,42.5,287.5
4276,40,287.5
4277,37.5,287.5
4278,35,287.5
4279,32.5,287.5
4280,30,287.5
4281,27.5,287.5
4282,25,287.5
4283,22.5,287.5
4284,20,287.5
4285,17.5,287.5
4286,15,287.5
4287,12.5,287.5
4288,10,287.5
4289,7.5,287.5
4290,5,287.5
4291,2.5,287.5
4292,0,287.5
4293,90,290
4294,87.5,290
4295,85,290
4296,82.5,290
4297,80,290
4298,77.5,290
4299,75,290
4300,72.5,290
4301,70,290
4302,67.5,290
4303,65,290
4304,62.5,290
4305,60,290
4306,57.5,290
4307,55,290
4308,52.5,290
4309,50,290
4310,47.5,290
4311,45,290
4312,42.5,290
4313,40,290
4314,37.5,290
4315,35,290
4316,32.5,290
4317,30,290
4318,27.5,290
4319,25,290
4320,22.5,290
4321,20,290
4322,17.5,290
4323,15,290
4324,12.5,290
4325,10,290
4326,7.5,290
4327,5,290
4328,2.5,290
4329,0,290
4330,90,292.5
4331,87.5,292.5
4332,85,292.5
4333,82.5,292.5
4334,80,292.5
4335,77.5,292.5
4336,75,292.5
4337,72.5,292.5
4338,70,292.5
4339,67.5,292.5
4340,65,292.5
4341,62.5,292.5
4342,60,292.5
4343,57.5,292.5
4344,55,292.5
4345,52.5,292.5
4346,50,292.5
4347,47.5,292.5
4348,45,292.5
4349,42.5,292.5
4350,40,292.5
4351,37.5,292.5
4352,35,292.5
4353,32.5,292.5
4354,30,292.5
4355,27.5,292.5
4356,25,292.5
4357,22.5,292.5
4358,20,292.5
4359,17.5,292.5
4360,15,292.5
4361,12.5,292.5
4362,10,292.5
4363,7.5,292.5
4364,5,292.5
4365,2.5,292.5
4366,0,292.5
4367,90,295
4368,87.5,295
4369,85,295
4370,82.5,295
4371,80,295
4372,77.5,295
4373,75,295
4374,72.5,295
4375,70,295
4376,67.5,295
4377,65,295
4378,62.5,295
4379,60,295
4380,57.5,295
4381,55,295
4382,52.5,295
4383,50,295
4384,47.5,295
4385,45,295
4386,42.5,295
4387,40,295
4388,37.5,295
4389,35,295
4390,32.5,295
4391,30,295
4392,27.5,295
4393,25,295
4394,22.5,295
4395,20,295
4396,17.5,295
4397,15,295
4398,12.5,295
4399,10,295
4400,7.5,295
4401,5,295
4402,2.5,295
4403,0,295
4404,90,297.5
4405,87.5,297.5
4406,85,297.5
4407,82.5,297.5
4408,80,297.5
4409,77.5,297.5
4410,75,297.5
4411,72.5,297.5
4412,70,297.5
4413,67.5,297.5
4414,65,297.5
4415,62.5,297.5
4416,60,297.5
4417,57.5,297.5
4418,55,297.5
4419,52.5,297.5
4420,50,297.5
4421,47.5,297.5
4422,45,297.5
4423,42.5,297.5
4424,40,297.5
4425,37.5,297.5
4426,35,297.5
4427,32.5,297.5
4428,30,297.5
4429,27.5,297.5
4430,25,297.5
4431,22.5,297.5
4432,20,297.5
4433,17.5,297.5
4434,15,297.5
4435,12.5,297.5
4436,10,297.5
4437,7.5,297.5
4438,5,297.5
4439,2.5,297.5
4440,0,297.5
4441,90,300
4442,87.5,300
4443,85,300
4444,82.5,300
4445,80,300
4446,77.5,300
4447,75,300
4448,72.5,300
4449,70,300
4450,67.5,300
4451,65,300
4452,62.5,300
4453,60,300
4454,57.5,300
4455,55,300
4456,52.5,300
4457,50,300
4458,47.5,300
4459,45,300
4460,42.5,300
4461,40,300
4462,37.5,300
4463,35,300
4464,32.5,300
4465,30,300
4466,27.5,300
4467,25,300
4468,22.5,300
4469,20,300
4470,17.5,300
4471,15,300
4472,12.5,300
4473,10,300
4474,7.5,300
4475,5,300
4476,2.5,300
4477,0,300
4478,90,302.5
4479,87.5,302.5
4480,85,302.5
4481,82.5,302.5
4482,80,302.5
4483,77.5,302.5
4484,75,302.5
4485,72.5,302.5
4486,70,302.5
4487,67.5,302.5
4488,65,302.5
4489,62.5,302.5
4490,60,302.5
4491,57.5,302.5
4492,55,302.5
4493,52.5,302.5
4494,50,302.5
4495,47.5,302.5
4496,45,302.5
4497,42.5,302.5
4498,40,302.5
4499,37.5,302.5
4500,35,302.5
4501,32.5,302.5
4502,30,302.5
4503,27.5,302.5
4504,25,302.5
4505,22.5,302.5
4506,20,302.5
4507,17.5,302.5
4508,15,302.5
4509,12.5,302.5
4510,10,302.5
4511,7.5,302.5
4512,5,302.5
4513,2.5,302.5
4514,0,302.5
4515,90,305
4516,87.5,305
4517,85,305
4518,82.5,305
4519,80,305
4520,77.5,305
4521,75,305
4522,72.5,305
4523,70,305
4524,67.5,305
4525,65,305
4526,62.5,305
4527,60,305
4528,57.5,305
4529,55,305
4530,52.5,305
4531,50,305
4532,47.5,305
4533,45,305
4534,42.5,305
4535,40,305
4536,37.5,305
4537,35,305
4538,32.5,305
4539,30,305
4540,27.5,305
4541,25,305
4542,22.5,305
4543,20,305
4544,17.5,305
4545,15,305
4546,12.5,305
4547,10,305
4548,7.5,305
4549,5,305
4550,2.5,305
4551,0,305
4552,90,307.5
4553,87.5,307.5
4554,85,307.5
4555,82.5,307.5
4556,80,307.5
4557,77.5,307.5
4558,75,307.5
4559,72.5,307.5
4560,70,307.5
4561,67.5,307.5
4562,65,307.5
4563,62.5,307.5
4564,60,307.5
4565,57.5,307.5
4566,55,307.5
4567,52.5,307.5
4568,50,307.5
4569,47.5,307.5
4570,45,307.5
4571,42.5,307.5
4572,40,307.5
4573,37.5,307.5
4574,35,307.5
4575,32.5,307.5
4576,30,307.5
4577,27.5,307.5
4578,25,307.5
4579,22.5,307.5
4580,20,307.5
4581,17.5,307.5
4582,15,307.5
4583,12.5,307.5
4584,10,307.5
4585,7.5,307.5
4586,5,307.5
4587,2.5,307.5
4588,0,307.5
4589,90,310
4590,87.5,310
4591,85,310
4592,82.5,310
4593,80,310
4594,77.5,310
4595,75,310
4596,72.5,310
4597,70,310
4598,67.5,310
4599,65,310
4600,62.5,310
4601,60,310
4602,57.5,310
4603,55,310
4604,52.5,310
4605,50,310
4606,47.5,310
4607,45,310
4608,42.5,310
4609,40,310
4610,37.5,310
4611,35,310
4612,32.5,310
4613,30,310
4614,27.5,310
4615,25,310
4616,22.5,310
4617,20,310
4618,17.5,310
4619,15,310
4620,12.5,310
4621,10,310
4622,7.5,310
4623,5,310
4624,2.5,310
4625,0,310
4626,90,312.5
4627,87.5,312.5
4628,85,312.5
4629,82.5,312.5
4630,80,312.5
4631,77.5,312.5
4632,75,312.5
4633,72.5,312.5
4634,70,312.5
4635,67.5,312.5
4636,65,312.5
4637,62.5,312.5
4638,60,312.5
4639,57.5,312.5
4640,55,312.5
4641,52.5,312.5
4642,50,312.5
4643,47.5,312.5
4644,45,312.5
4645,42.5,312.5
4646,40,312.5
4647,37.5,312.5
4648,35,312.5
4649,32.5,312.5
4650,30,312.5
4651,27.5,312.5
4652,25,312.5
4653,22.5,312.5
4654,20,312.5
4655,17.5,312.5
4656,15,312.5
4657,12.5,312.5
4658,10,312.5
4659,7.5,312.5
4660,5,312.5
4661,2.5,312.5
4662,0,312.5
4663,90,315
4664,87.5,315
4665,85,315
4666,82.5,315
4667,80,315
4668,77.5,315
4669,75,315
4670,72.5,315
4671,70,315
4672,67.5,315
4673,65,315
4674,62.5,315
4675,60,315
4676,57.5,315
4677,55,315
4678,52.5,315
4679,50,315
4680,47.5,315
4681,45,315
4682,42.5,315
4683,40,315
4684,37.5,315
4685,35,315
4686,32.5,315
4687,30,315
4688,27.5,315
4689,25,315
4690,22.5,315
4691,20,315
4692,17.5,315
4693,15,315
4694,12.5,315
4695,10,315
4696,7.5,315
4697,5,315
4698,2.5,315
4699,0,315
4700,90,317.5
4701,87.5,317.5
4702,85,317.5
4703,82.5,317.5
4704,80,317.5
4705,77.5,317.5
4706,75,317.5
4707,72.5,317.5
4708,70,317.5
4709,67.5,317.5
4710,65,317.5
4711,62.5,317.5
4712,60,317.5
4713,57.5,317.5
4714,55,317.5
4715,52.5,317.5
4716,50,317.5
4717,47.5,317.5
4718,45,317.5
4719,42.5,317.5
4720,40,317.5
4721,37.5,317.5
4722,35,317.5
4723,32.5,317.5
4724,30,317.5
4725,27.5,317.5
4726,25,317.5
4727,22.5,317.5
4728,20,317.5
4729,17.5,317.5
4730,15,317.5
4731,12.5,317.5
4732,10,317.5
4733,7.5,317.5
4734,5,317.5
4735,2.5,317.5
4736,0,317.5
4737,90,320
4738,87.5,320
4739,85,320
4740,82.5,320
4741,80,320
4742,77.5,320
4743,75,320
4744,72.5,320
4745,70,320
4746,67.5,320
4747,65,320
4748,62.5,320
4749,60,320
4750,57.5,320
4751,55,320
4752,52.5,320
4753,50,320
4754,47.5,320
4755,45,320
4756,42.5,320
4757,40,320
4758,37.5,320
4759,35,320
4760,32.5,320
4761,30,320
4762,27.5,320
4763,25,320
4764,22.5,320
4765,20,320
4766,17.5,320
4767,15,320
4768,12.5,320
4769,10,320
4770,7.5,320
4771,5,320
4772,2.5,320
4773,0,320
4774,90,322.5
4775,87.5,322.5
4776,85,322.5
4777,82.5,322.5
4778,80,322.5
4779,77.5,322.5
4780,75,322.5
4781,72.5,322.5
4782,70,322.5
4783,67.5,322.5
4784,65,322.5
4785,62.5,322.5
4786,60,322.5
4787,57.5,322.5
4788,55,322.5
4789,52.5,322.5
4790,50,322.5
4791,47.5,322.5
4792,45,322.5
4793,42.5,322.5
4794,40,322.5
4795,37.5,322.5
4796,35,322.5
4797,32.5,322.5
4798,30,322.5
4799,27.5,322.5
4800,25,322.5
4801,22.5,322.5
4802,20,322.5
4803,17.5,322.5
4804,15,322.5
4805,12.5,322.5
4806,10,322.5
4807,7.5,322.5
4808,5,322.5
4809,2.5,322.5
4810,0,322.5
4811,90,325
4812,87.5,325
4813,85,325
4814,82.5,325
4815,80,325
4816,77.5,325
4817,75,325
4818,72.5,325
4819,70,325
4820,67.5,325
4821,65,325
4822,62.5,325
4823,60,325
4824,57.5,325
4825,55,325
4826,52.5,325
4827,50,325
4828,47.5,325
4829,45,325
4830,42.5,325
4831,40,325
4832,37.5,325
4833,35,325
4834,32.5,325
4835,30,325
4836,27.5,325
4837,25,325
4838,22.5,325
4839,20,325
4840,17.5,325
4841,15,325
4842,12.5,325
4843,10,325
4844,7.5,325
4845,5,325
4846,2.5,325
4847,0,325
4848,90,327.5
4849,87.5,327.5
4850,85,327.5
4851,82.5,327.5
4852,80,327.5
4853,77.5,327.5
4854,75,327.5
4855,72.5,327.5
4856,70,327.5
4857,67.5,327.5
4858,65,327.5
4859,62.5,327.5
4860,60,327.5
4861,57.5,327.5
4862,55,327.5
4863,52.5,327.5
4864,50,327.5
4865,47.5,327.5
4866,45,327.5
4867,42.5,327.5
4868,40,327.5
4869,37.5,327.5
4870,35,327.5
4871,32.5,327.5
4872,30,327.5
4873,27.5,327.5
4874,25,327.5
4875,22.5,327.5
4876,20,327.5
4877,17.5,327.5
4878,15,327.5
4879,12.5,327.5
4880,10,327.5
4881,7.5,327.5
4882,5,327.5
4883,2.5,327.5
4884,0,327.5
4885,90,330
4886,87.5,330
4887,85,330
4888,82.5,330
4889,80,330
4890,77.5,330
4891,75,330
4892,72.5,330
4893,70,330
4894,67.5,330
4895,65,330
4896,62.5,330
4897,60,330
4898,57.5,330
4899,55,330
4900,52.5,330
4901,50,330
4902,47.5,330
4903,45,330
4904,42.5,330
4905,40,330
4906,37.5,330
4907,35,330
4908,32.5,330
4909,30,330
4910,27.5,330
4911,25,330
4912,22.5,330
4913,20,330
4914,17.5,330
4915,15,330
4916,12.5,330
4917,10,330
4918,7.5,330
4919,5,330
4920,2.5,330
4921,0,330
4922,90,332.5
4923,87.5,332.5
4924,85,332.5
4925,82.5,332.5
4926,80,332.5
4927,77.5,332.5
4928,75,332.5
4929,72.5,332.5
4930,70,332.5
4931,67.5,332.5
4932,65,332.5
4933,62.5,332.5
4934,60,332.5
4935,57.5,332.5
4936,55,332.5
4937,52.5,332.5
4938,50,332.5
4939,47.5,332.5
4940,45,332.5
4941,42.5,332.5
4942,40,332.5
4943,37.5,332.5
4944,35,332.5
4945,32.5,332.5
4946,30,332.5
4947,27.5,332.5
4948,25,332.5
4949,22.5,332.5
4950,20,332.5
4951,17.5,332.5
4952,15,332.5
4953,12.5,332.5
4954,10,332.5
4955,7.5,332.5
4956,5,332.5
4957,2.5,332.5
4958,0,332.5
4959,90,335
4960,87.5,335
4961,85,335
4962,82.5,335
4963,80,335
4964,77.5,335
4965,75,335
4966,72.5,335
4967,70,335
4968,67.5,335
4969,65,335
4970,62.5,335
4971,60,335
4972,57.5,335
4973,55,335
4974,52.5,335
4975,50,335
4976,47.5,335
4977,45,335
4978,42.5,335
4979,40,335
4980,37.5,335
4981,35,335
4982,32.5,335
4983,30,335
4984,27.5,335
4985,25,335
4986,22.5,335
4987,20,335
4988,17.5,335
4989,15,335
4990,12.5,335
4991,10,335
4992,7.5,335
4993,5,335
4994,2.5,335
4995,0,335
4996,90,337.5
4997,87.5,337.5
4998,85,337.5
4999,82.5,337.5
5000,80,337.5
5001,77.5,337.5
5002,75,337.5
5003,72.5,337.5
5004,70,337.5
5005,67.5,337.5
5006,65,337.5
5007,62.5,337.5
5008,60,337.5
5009,57.5,337.5
5010,55,337.5
5011,52.5,337.5
5012,50,337.5
5013,47.5,337.5
5014,45,337.5
5015,42.5,337.5
5016,40,337.5
5017,37.5,337.5
5018,35,337.5
5019,32.5,337.5
5020,30,337.5
5021,27.5,337.5
5022,25,337.5
5023,22.5,337.5
5024,20,337.5
5025,17.5,337.5
5026,15,337.5
5027,12.5,337.5
5028,10,337.5
5029,7.5,337.5
5030,5,337.5
5031,2.5,337.5
5032,0,337.5
5033,90,340
5034,87.5,340
5035,85,340
5036,82.5,340
5037,80,340
5038,77.5,340
5039,75,340
5040,72.5,340
5041,70,340
5042,67.5,340
5043,65,340
5044,62.5,340
5045,60,340
5046,57.5,340
5047,55,340
5048,52.5,340
5049,50,340
5050,47.5,340
5051,45,340
5052,42.5,340
5053,40,340
5054,37.5,340
5055,35,340
5056,32.5,340
5057,30,340
5058,27.5,340
5059,25,340
5060,22.5,340
5061,20,340
5062,17.5,340
5063,15,340
5064,12.5,340
5065,10,340
5066,7.5,340
5067,5,340
5068,2.5,340
5069,0,340
5070,90,342.5
5071,87.5,342.5
5072,85,342.5
5073,82.5,342.5
5074,80,342.5
5075,77.5,342.5
5076,75,342.5
5077,72.5,342.5
5078,70,342.5
5079,67.5,342.5
5080,65,342.5
5081,62.5,342.5
5082,60,342.5
5083,57.5,342.5
5084,55,342.5
5085,52.5,342.5
5086,50,342.5
5087,47.5,342.5
5088,45,342.5
5089,42.5,342.5
5090,40,342.5
5091,37.5,342.5
5092,35,342.5
5093,32.5,342.5
5094,30,342.5
5095,27.5,342.5
5096,25,342.5
5097,22.5,342.5
5098,20,342.5
5099,17.5,342.5
5100,15,342.5
5101,12.5,342.5
5102,10,342.5
5103,7.5,342.5
5104,5,342.5
5105,2.5,342.5
5106,0,342.5
5107,90,345
5108,87.5,345
5109,85,345
5110,82.5,345
5111,80,345
5112,77.5,345
5113,75,345
5114,72.5,345
5115,70,345
5116,67.5,345
5117,65,345
5118,62.5,345
5119,60,345
5120,57.5,345
5121,55,345
5122,52.5,345
5123,50,345
5124,47.5,345
5125,45,345
5126,42.5,345
5127,40,345
5128,37.5,345
5129,35,345
5130,32.5,345
5131,30,345
5132,27.5,345
5133,25,345
5134,22.5,345
5135,20,345
5136,17.5,345
5137,15,345
5138,12.5,345
5139,10,345
5140,7.5,345
5141,5,345
5142,2.5,345
5143,0,345
5144,90,347.5
5145,87.5,347.5
5146,85,347.5
5147,82.5,347.5
5148,80,347.5
5149,77.5,347.5
5150,75,347.5
5151,72.5,347.5
5152,70,347.5
5153,67.5,347.5
5154,65,347.5
5155,62.5,347.5
5156,60,347.5
5157,57.5,347.5
5158,55,347.5
5159,52.5,347.5
5160,50,347.5
5161,47.5,347.5
5162,45,347.5
5163,42.5,347.5
5164,40,347.5
5165,37.5,347.5
5166,35,347.5
5167,32.5,347.5
5168,30,347.5
5169,27.5,347.5
5170,25,347.5
5171,22.5,347.5
5172,20,347.5
5173,17.5,347.5
5174,15,347.5
5175,12.5,347.5
5176,10,347.5
5177,7.5,347.5
5178,5,347.5
5179,2.5,347.5
5180,0,347.5
5181,90,350
5182,87.5,350
5183,85,350
5184,82.5,350
5185,80,350
5186,77.5,350
5187,75,350
5188,72.5,350
5189,70,350
5190,67.5,350
5191,65,350
5192,62.5,350
5193,60,350
5194,57.5,350
5195,55,350
5196,52.5,350
5197,50,350
5198,47.5,350
5199,45,350
5200,42.5,350
5201,40,350
5202,37.5,350
5203,35,350
5204,32.5,350
5205,30,350
5206,27.5,350
5207,25,350
5208,22.5,350
5209,20,350
5210,17.5,350
5211,15,350
5212,12.5,350
5213,10,350
5214,7.5,350
5215,5,350
5216,2.5,350
5217,0,350
5218,90,352.5
5219,87.5,352.5
5220,85,352.5
5221,82.5,352.5
5222,80,352.5
5223,77.5,352.5
5224,75,352.5
5225,72.5,352.5
5226,70,352.5
5227,67.5,352.5
5228,65,352.5
5229,62.5,352.5
5230,60,352.5
5231,57.5,352.5
5232,55,352.5
5233,52.5,352.5
5234,50,352.5
5235,47.5,352.5
5236,45,352.5
5237,42.5,352.5
5238,40,352.5
5239,37.5,352.5
5240,35,352.5
5241,32.5,352.5
5242,30,352.5
5243,27.5,352.5
5244,25,352.5
5245,22.5,352.5
5246,20,352.5
5247,17.5,352.5
5248,15,352.5
5249,12.5,352.5
5250,10,352.5
5251,7.5,352.5
5252,5,352.5
5253,2.5,352.5
5254,0,352.5
5255,90,355
5256,87.5,355
5257,85,355
5258,82.5,355
5259,80,355
5260,77.5,355
5261,75,355
5262,72.5,355
5263,70,355
5264,67.5,355
5265,65,355
5266,62.5,355
5267,60,355
5268,57.5,355
5269,55,355
5270,52.5,355
5271,50,355
5272,47.5,355
5273,45,355
5274,42.5,355
5275,40,355
5276,37.5,355
5277,35,355
5278,32.5,355
5279,30,355
5280,27.5,355
5281,25,355
5282,22.5,355
5283,20,355
5284,17.5,355
5285,15,355
5286,12.5,355
5287,10,355
5288,7.5,355
5289,5,355
5290,2.5,355
5291,0,355
5292,90,357.5
5293,87.5,357.5
5294,85,357.5
5295,82.5,357.5
5296,80,357.5
5297,77.5,357.5
5298,75,357.5
5299,72.5,357.5
5300,70,357.5
5301,67.5,357.5
5302,65,357.5
5303,62.5,357.5
5304,60,357.5
5305,57.5,357.5
5306,55,357.5
5307,52.5,357.5
5308,50,357.5
5309,47.5,357.5
5310,45,357.5
5311,42.5,357.5
5312,40,357.5
5313,37.5,357.5
5314,35,357.5
5315,32.5,357.5
5316,30,357.5
5317,27.5,357.5
5318,25,357.5
5319,22.5,357.5
5320,20,357.5
5321,17.5,357.5
5322,15,357.5
5323,12.5,357.5
5324,10,357.5
5325,7.5,357.5
5326,5,357.5
5327,2.5,357.5
5328,0,357.5